date,log_price,sales_latent,sales
2021-06-01,2.995732273553991,15.52855090660263,9
2021-06-02,2.995732273553991,14.428274632280928,17
2021-06-03,2.995732273553991,13.562275069853781,13
2021-06-04,2.995732273553991,13.691145324839898,12
2021-06-05,2.995732273553991,14.529485752115965,20
2021-06-06,2.995732273553991,15.676651059884303,19
2021-06-07,2.995732273553991,16.244381356726663,15
2021-06-08,2.995732273553991,15.547325872347939,14
2021-06-09,2.995732273553991,14.277681267261217,13
2021-06-10,2.995732273553991,13.654951996454932,16
2021-06-11,2.995732273553991,13.935512015767108,9
2021-06-12,2.995732273553991,15.025269071475327,17
2021-06-13,2.995732273553991,16.600513650187796,10
2021-06-14,2.995732273553991,17.422219459002086,16
2021-06-15,2.995732273553991,16.92958104188335,20
2021-06-16,2.995732273553991,15.422314536659448,18
2021-06-17,2.995732273553991,14.232339446080742,17
2021-06-18,2.995732273553991,14.32311559348277,14
2021-06-19,2.995732273553991,15.872538404207752,21
2021-06-20,2.995732273553991,16.99322514526951,18
2021-06-21,2.995732273553991,17.877674997531223,21
2021-06-22,2.995732273553991,17.57589503544298,22
2021-06-23,2.995732273553991,16.360621172121043,15
2021-06-24,2.995732273553991,14.925871885077557,16
2021-06-25,2.995732273553991,15.158850981393641,14
2021-06-26,2.995732273553991,16.289309098160437,11
2021-06-27,2.995732273553991,17.591784085230742,25
2021-06-28,2.995732273553991,17.854278120659632,17
2021-06-29,2.995732273553991,17.35074849704637,19
2021-06-30,2.995732273553991,16.2328028666938,11
2021-07-01,2.995732273553991,15.122933593161223,13
2021-07-02,2.995732273553991,14.986660450210787,17
2021-07-03,2.995732273553991,16.045239808873074,15
2021-07-04,2.995732273553991,17.708037219732677,19
2021-07-05,2.995732273553991,18.46769902609407,14
2021-07-06,2.995732273553991,17.665673563499656,23
2021-07-07,2.995732273553991,16.043394706964328,19
2021-07-08,2.995732273553991,14.698501142287892,17
2021-07-09,2.995732273553991,14.937747971028754,19
2021-07-10,2.995732273553991,16.216566322323363,26
2021-07-11,2.995732273553991,17.7933058158286,14
2021-07-12,2.995732273553991,18.935250454661826,12
2021-07-13,2.995732273553991,18.44840384451043,21
2021-07-14,2.995732273553991,16.533515151303842,21
2021-07-15,2.995732273553991,15.489350383917989,19
2021-07-16,2.995732273553991,15.774575750479528,12
2021-07-17,2.995732273553991,17.29807860338833,14
2021-07-18,2.995732273553991,18.88254585901953,16
2021-07-19,2.995732273553991,20.12282278570331,16
2021-07-20,2.995732273553991,19.210398227716553,13
2021-07-21,2.995732273553991,17.75640635617727,23
2021-07-22,2.995732273553991,16.392969377085713,20
2021-07-23,2.995732273553991,16.541155362966155,17
2021-07-24,2.995732273553991,18.04527611974972,20
2021-07-25,2.995732273553991,19.794982927662556,29
2021-07-26,2.995732273553991,20.417206571553788,22
2021-07-27,2.995732273553991,19.43849625309658,17
2021-07-28,2.995732273553991,17.94073992310883,18
2021-07-29,2.995732273553991,16.491048332967452,11
2021-07-30,2.995732273553991,16.80880691221383,20
2021-07-31,2.995732273553991,17.593157996194943,13
2021-08-01,2.995732273553991,19.001415914761857,20
2021-08-02,2.995732273553991,19.30854778076717,22
2021-08-03,2.995732273553991,18.879564691001143,13
2021-08-04,2.995732273553991,16.643158998949826,19
2021-08-05,2.995732273553991,14.992982924909043,17
2021-08-06,2.995732273553991,15.164749720335017,14
2021-08-07,2.995732273553991,15.92545279801622,13
2021-08-08,2.995732273553991,17.152313182932684,16
2021-08-09,2.995732273553991,17.703463125431295,21
2021-08-10,2.995732273553991,17.070772092330408,17
2021-08-11,2.995732273553991,15.639790148863005,20
2021-08-12,2.995732273553991,14.556470169420434,16
2021-08-13,2.995732273553991,14.44598304984372,18
2021-08-14,2.995732273553991,15.316711722970474,14
2021-08-15,2.995732273553991,16.570469235365056,13
2021-08-16,2.995732273553991,16.763398492627832,11
2021-08-17,2.995732273553991,16.136005115970118,18
2021-08-18,2.995732273553991,15.074199134219231,17
2021-08-19,2.995732273553991,13.820055698624062,14
2021-08-20,2.995732273553991,13.89967647596615,16
2021-08-21,2.995732273553991,14.962636650221327,11
2021-08-22,2.995732273553991,16.33892565391089,21
2021-08-23,2.995732273553991,17.184442366576384,19
2021-08-24,2.995732273553991,16.563092396993607,15
2021-08-25,2.995732273553991,15.053211326705961,19
2021-08-26,2.995732273553991,13.577679410810065,16
2021-08-27,2.995732273553991,13.446964770861433,21
2021-08-28,2.995732273553991,14.586975282882536,8
2021-08-29,2.995732273553991,15.86712755796984,16
2021-08-30,2.995732273553991,16.172869723592957,15
2021-08-31,2.995732273553991,15.845988762850599,13
2021-09-01,2.995732273553991,14.497462365439269,10
2021-09-02,2.995732273553991,13.519464310265807,16
2021-09-03,2.995732273553991,13.19392040274236,21
2021-09-04,2.995732273553991,13.992223954386484,10
2021-09-05,2.995732273553991,15.260793043964533,13
2021-09-06,2.995732273553991,15.822773653528897,19
2021-09-07,2.995732273553991,15.059019335572415,22
2021-09-08,2.995732273553991,13.798746893475192,11
2021-09-09,2.995732273553991,13.113575418290647,15
2021-09-10,2.995732273553991,12.987304150857458,16
2021-09-11,2.995732273553991,13.858833459524606,13
2021-09-12,2.995732273553991,15.26933808202765,10
2021-09-13,2.995732273553991,15.941118967883888,17
2021-09-14,2.995732273553991,15.29077276336299,15
2021-09-15,2.995732273553991,14.062434430907082,14
2021-09-16,2.995732273553991,13.168299263138111,4
2021-09-17,2.995732273553991,12.964476053898043,9
2021-09-18,2.995732273553991,13.954495288653625,13
2021-09-19,2.995732273553991,15.479202624210595,18
2021-09-20,2.995732273553991,15.985170284088532,9
2021-09-21,2.995732273553991,15.10162907131202,15
2021-09-22,2.995732273553991,14.158031241140696,17
2021-09-23,2.995732273553991,13.184103994293359,19
2021-09-24,2.995732273553991,13.251683083550665,14
2021-09-25,2.995732273553991,14.228249840558478,15
2021-09-26,2.995732273553991,15.494078225839734,16
2021-09-27,2.995732273553991,16.074639520539144,19
2021-09-28,2.995732273553991,15.671432829496839,15
2021-09-29,2.995732273553991,14.770189302749012,14
2021-09-30,2.995732273553991,13.816832200363546,16
2021-10-01,2.995732273553991,13.911063156824234,9
2021-10-02,2.995732273553991,15.137522653538372,17
2021-10-03,2.995732273553991,16.065928774349143,12
2021-10-04,2.995732273553991,16.67735932474164,16
2021-10-05,2.995732273553991,15.91290253600591,17
2021-10-06,2.995732273553991,14.175669632077703,15
2021-10-07,2.995732273553991,13.220056715610072,9
2021-10-08,2.995732273553991,13.291801310838453,16
2021-10-09,2.995732273553991,14.311461558627196,9
2021-10-10,2.995732273553991,15.242163158033106,7
2021-10-11,2.995732273553991,15.841499327472343,21
2021-10-12,2.995732273553991,15.198726209023285,14
2021-10-13,2.995732273553991,13.832741270535365,14
2021-10-14,2.995732273553991,12.802757174740075,15
2021-10-15,2.995732273553991,12.5818755674927,14
2021-10-16,2.995732273553991,13.568515195260172,12
2021-10-17,2.995732273553991,14.492993963397671,18
2021-10-18,2.995732273553991,14.649909019887815,9
2021-10-19,2.995732273553991,13.862418583063441,14
2021-10-20,2.995732273553991,12.408469762649585,7
2021-10-21,2.995732273553991,11.304645761624645,8
2021-10-22,2.995732273553991,11.532040089145841,16
2021-10-23,2.995732273553991,12.4639259493086,11
2021-10-24,2.995732273553991,13.711877959914327,18
2021-10-25,2.995732273553991,14.333167030489598,14
2021-10-26,2.995732273553991,13.804963316223827,15
2021-10-27,2.995732273553991,12.514168599686197,8
2021-10-28,2.995732273553991,11.843523492905227,9
2021-10-29,3.095732273553991,10.059943948256974,8
2021-10-30,3.095732273553991,10.863860373653837,11
2021-10-31,3.095732273553991,11.761274305652258,18
2021-11-01,3.095732273553991,12.006361620245372,12
2021-11-02,3.095732273553991,11.671741720398177,9
2021-11-03,3.095732273553991,10.812699247826874,9
2021-11-04,3.095732273553991,10.039723487157513,15
2021-11-05,3.095732273553991,10.22297055703305,14
2021-11-06,3.095732273553991,11.067890705059542,18
2021-11-07,3.095732273553991,12.000376238576184,14
2021-11-08,3.095732273553991,12.595883882771215,18
2021-11-09,3.095732273553991,12.07706960787,13
2021-11-10,3.095732273553991,11.3527777815097,9
2021-11-11,3.095732273553991,10.691546470466577,9
2021-11-12,3.095732273553991,10.689911571221613,11
2021-11-13,3.095732273553991,11.850158159863572,18
2021-11-14,3.095732273553991,12.888015928641643,9
2021-11-15,3.095732273553991,13.396349153279385,13
2021-11-16,3.095732273553991,12.959708311577963,16
2021-11-17,3.095732273553991,11.94262629156154,9
2021-11-18,3.095732273553991,11.157520457245385,15
2021-11-19,3.095732273553991,11.326266683532253,12
2021-11-20,3.095732273553991,12.016001567573916,11
2021-11-21,3.095732273553991,13.050974032193272,15
2021-11-22,3.095732273553991,13.631091660003756,14
2021-11-23,3.095732273553991,12.952423052113772,9
2021-11-24,3.095732273553991,12.195326877088862,14
2021-11-25,3.095732273553991,11.707660928235683,9
2021-11-26,3.095732273553991,11.612859166321348,14
2021-11-27,3.095732273553991,12.47079960727532,16
2021-11-28,3.095732273553991,13.58908410890382,12
2021-11-29,3.095732273553991,14.288509931519053,10
2021-11-30,3.095732273553991,14.138611097994671,18
2021-12-01,3.095732273553991,13.06110440388071,20
2021-12-02,3.095732273553991,11.968924297508416,17
2021-12-03,3.095732273553991,12.3109729480757,13
2021-12-04,3.095732273553991,13.114001208851397,12
2021-12-05,3.095732273553991,14.197551214565868,15
2021-12-06,3.095732273553991,14.396620556255458,9
2021-12-07,3.095732273553991,14.06625958080606,18
2021-12-08,3.095732273553991,12.997159937288957,16
2021-12-09,3.095732273553991,12.090842392874354,16
2021-12-10,3.095732273553991,12.013241369135145,11
2021-12-11,3.095732273553991,12.990367656196709,17
2021-12-12,3.095732273553991,14.438048915399726,17
2021-12-13,3.095732273553991,15.211538765470259,17
2021-12-14,3.095732273553991,14.652549986383443,18
2021-12-15,3.095732273553991,13.33828224229789,22
2021-12-16,3.095732273553991,12.271638166229543,6
2021-12-17,3.095732273553991,12.414175836282,7
2021-12-18,3.095732273553991,13.35998056526397,11
2021-12-19,3.095732273553991,14.61887203008535,15
2021-12-20,3.095732273553991,15.322469626941214,16
2021-12-21,3.095732273553991,14.467177633250808,17
2021-12-22,3.095732273553991,13.285113783407775,8
2021-12-23,3.095732273553991,12.527173288774126,8
2021-12-24,3.095732273553991,12.717449862207186,9
2021-12-25,3.095732273553991,13.407134488485749,21
2021-12-26,3.095732273553991,14.964893451325038,12
2021-12-27,3.095732273553991,15.691352011690554,20
2021-12-28,3.095732273553991,15.102529824327348,15
2021-12-29,3.095732273553991,13.99996322590038,17
2021-12-30,3.095732273553991,13.495687275583936,14
2021-12-31,3.095732273553991,13.669182121245504,15
2022-01-01,3.095732273553991,14.731769620894694,19
2022-01-02,3.095732273553991,15.755701106127537,14
2022-01-03,3.095732273553991,16.413113514316255,15
2022-01-04,3.095732273553991,15.787172959309032,20
2022-01-05,3.095732273553991,14.39815386181672,12
2022-01-06,3.095732273553991,13.982046672182907,17
2022-01-07,3.095732273553991,14.054162619313503,15
2022-01-08,3.095732273553991,15.162378466526556,11
2022-01-09,3.095732273553991,16.221536058168088,17
2022-01-10,3.095732273553991,17.24504368763874,15
2022-01-11,3.095732273553991,16.32721070464405,18
2022-01-12,3.095732273553991,15.136421691546873,14
2022-01-13,3.095732273553991,14.126563991287973,19
2022-01-14,3.095732273553991,14.148516344758296,12
2022-01-15,3.095732273553991,15.100256610988895,10
2022-01-16,3.095732273553991,16.37534879885045,13
2022-01-17,3.095732273553991,16.889543446913244,17
2022-01-18,3.095732273553991,16.552386821263934,17
2022-01-19,3.095732273553991,15.142774025597939,20
2022-01-20,3.095732273553991,14.036411833448668,12
2022-01-21,3.095732273553991,14.100265870264831,21
2022-01-22,3.095732273553991,15.323113926621135,20
2022-01-23,3.095732273553991,16.65114009346542,12
2022-01-24,3.095732273553991,16.919476526552238,14
2022-01-25,3.095732273553991,16.266980891486657,13
2022-01-26,3.095732273553991,15.176819723258808,13
2022-01-27,3.095732273553991,13.971013666174228,17
2022-01-28,3.095732273553991,14.50589133713181,12
2022-01-29,3.095732273553991,15.329087522594184,15
2022-01-30,3.095732273553991,16.84470159442192,19
2022-01-31,3.095732273553991,17.066257539343937,19
2022-02-01,3.095732273553991,16.53187928826581,16
2022-02-02,3.095732273553991,15.052239660823927,13
2022-02-03,3.095732273553991,14.099480301228825,20
2022-02-04,3.095732273553991,14.058362559363793,17
2022-02-05,3.095732273553991,15.158485865403206,19
2022-02-06,3.095732273553991,16.787436912803845,19
2022-02-07,3.095732273553991,16.976359337553045,11
2022-02-08,3.095732273553991,16.59561937747973,20
2022-02-09,3.095732273553991,15.302790933779367,9
2022-02-10,3.095732273553991,14.437415791715637,17
2022-02-11,3.095732273553991,14.294532206340422,13
2022-02-12,3.095732273553991,15.22539139028933,11
2022-02-13,3.095732273553991,16.09551695668076,19
2022-02-14,3.095732273553991,16.6486507167739,15
2022-02-15,3.095732273553991,16.155710827568356,21
2022-02-16,3.095732273553991,14.859057485076947,15
2022-02-17,3.095732273553991,13.786666939415372,9
2022-02-18,3.095732273553991,13.766003143589822,18
2022-02-19,3.095732273553991,14.784663793062606,15
2022-02-20,3.095732273553991,16.430036311086024,17
2022-02-21,3.095732273553991,17.22605063284052,16
2022-02-22,3.095732273553991,16.84072090673391,21
2022-02-23,3.095732273553991,15.285733678037694,10
2022-02-24,3.095732273553991,14.478350022584292,13
2022-02-25,3.095732273553991,15.033399186072765,11
2022-02-26,3.095732273553991,16.00063041323429,15
2022-02-27,3.095732273553991,17.50703292734491,19
2022-02-28,3.095732273553991,18.058945336300987,16
2022-03-01,3.095732273553991,17.763700475065637,17
2022-03-02,3.095732273553991,16.25987296083167,16
2022-03-03,3.095732273553991,15.374115636722921,13
2022-03-04,3.095732273553991,15.945158750124275,16
2022-03-05,3.095732273553991,17.52475608102745,25
2022-03-06,3.095732273553991,19.73763634952467,11
2022-03-07,3.095732273553991,20.917164800393365,14
2022-03-08,3.095732273553991,19.54507094512841,13
2022-03-09,3.095732273553991,18.173800878086,19
2022-03-10,3.095732273553991,16.775025482345175,20
2022-03-11,3.095732273553991,17.132888364784815,21
2022-03-12,3.095732273553991,18.85839973329821,24
2022-03-13,3.095732273553991,20.89428800359084,18
2022-03-14,3.095732273553991,21.72616498424822,20
2022-03-15,3.095732273553991,21.09354249966751,18
2022-03-16,3.095732273553991,19.924589906844872,20
2022-03-17,3.095732273553991,18.966169035828447,23
2022-03-18,3.095732273553991,18.89794686811706,20
2022-03-19,3.095732273553991,20.06732573540676,21
2022-03-20,3.095732273553991,21.658135535856903,21
2022-03-21,3.095732273553991,22.983548298786047,21
2022-03-22,3.095732273553991,21.68647701915982,29
2022-03-23,3.095732273553991,19.778776802204927,19
2022-03-24,3.095732273553991,18.715334054508244,20
2022-03-25,3.095732273553991,18.96566568529071,20
2022-03-26,3.095732273553991,20.480445541048102,17
2022-03-27,3.095732273553991,22.284551387759727,18
2022-03-28,3.195732273553991,20.090075676780376,15
2022-03-29,3.195732273553991,19.79679672899582,20
2022-03-30,3.195732273553991,18.18130383660352,16
2022-03-31,3.195732273553991,17.25308095100464,21
2022-04-01,3.195732273553991,17.46656658048583,10
2022-04-02,3.195732273553991,18.77383325515801,30
2022-04-03,3.195732273553991,20.880173988710933,24
2022-04-04,3.195732273553991,21.153536305745302,22
2022-04-05,3.195732273553991,20.310135364782578,17
2022-04-06,3.195732273553991,18.19203115902368,17
2022-04-07,3.195732273553991,17.294602515708117,15
2022-04-08,3.195732273553991,17.493859681467995,13
2022-04-09,3.195732273553991,19.3591883107427,23
2022-04-10,3.195732273553991,21.22978126672127,18
2022-04-11,3.195732273553991,22.107016987853896,16
2022-04-12,3.195732273553991,21.647414979866134,27
2022-04-13,3.195732273553991,19.92443418360397,20
2022-04-14,3.195732273553991,18.418655085505783,19
2022-04-15,3.195732273553991,18.96733550433354,18
2022-04-16,3.195732273553991,20.48194973301306,25
2022-04-17,3.195732273553991,22.12646979727892,27
2022-04-18,3.195732273553991,23.385556122495643,15
2022-04-19,3.195732273553991,22.278639344582455,31
2022-04-20,3.195732273553991,20.667130941968697,25
2022-04-21,3.195732273553991,19.673269086226995,24
2022-04-22,3.195732273553991,20.189737329518707,24
2022-04-23,3.195732273553991,21.661535506367546,16
2022-04-24,3.195732273553991,23.545087545097385,19
2022-04-25,3.195732273553991,24.307061846822055,24
2022-04-26,3.195732273553991,23.455400263708878,17
2022-04-27,3.195732273553991,21.396179676101383,25
2022-04-28,3.195732273553991,19.773667987042273,21
2022-04-29,3.195732273553991,19.68845617503398,26
2022-04-30,3.195732273553991,21.259311955189133,18
2022-05-01,3.195732273553991,23.034621611365946,20
2022-05-02,3.195732273553991,23.685568574166883,19
2022-05-03,3.195732273553991,23.161834795935544,20
2022-05-04,3.195732273553991,21.970282782791827,29
2022-05-05,3.195732273553991,20.558813787935264,17
2022-05-06,3.195732273553991,20.097939442938305,27
2022-05-07,3.195732273553991,21.54509221798178,33
2022-05-08,3.195732273553991,23.933094880441875,26
2022-05-09,3.195732273553991,25.00079082707005,25
2022-05-10,3.195732273553991,24.291910728912576,30
2022-05-11,3.195732273553991,23.10649396687221,19
2022-05-12,3.195732273553991,21.451974205557313,9
2022-05-13,3.195732273553991,22.49550877788653,20
2022-05-14,3.195732273553991,24.116773236485447,21
2022-05-15,3.195732273553991,26.57119836630487,23
2022-05-16,3.195732273553991,27.98364681435588,26
2022-05-17,3.195732273553991,26.831202237280436,22
2022-05-18,3.195732273553991,24.59139130527903,13
2022-05-19,3.195732273553991,22.227638082362965,25
2022-05-20,3.195732273553991,22.15353937365705,20
2022-05-21,3.195732273553991,23.998582221386517,33
2022-05-22,3.195732273553991,25.74726894496204,30
2022-05-23,3.195732273553991,27.179421299900284,38
2022-05-24,3.195732273553991,27.0897187106064,32
2022-05-25,3.195732273553991,24.859833174397583,34
2022-05-26,3.195732273553991,23.91763468108309,21
2022-05-27,3.195732273553991,24.481523738692584,29
2022-05-28,3.195732273553991,26.448131184384252,23
2022-05-29,3.195732273553991,28.286828139483045,29
2022-05-30,3.195732273553991,29.049668184535797,30
2022-05-31,3.195732273553991,27.78341432342307,24
2022-06-01,3.195732273553991,25.463513241425584,22
2022-06-02,3.195732273553991,23.771108510873056,25
2022-06-03,3.195732273553991,23.577554624148615,26
2022-06-04,3.195732273553991,25.596689623456314,30
2022-06-05,3.195732273553991,27.383529331719274,18
2022-06-06,3.195732273553991,28.07821484839148,25
2022-06-07,3.195732273553991,27.438623410958595,20
2022-06-08,3.195732273553991,25.756428898549167,30
2022-06-09,3.195732273553991,24.39688086445169,22
2022-06-10,3.195732273553991,24.341637201014564,23
2022-06-11,3.195732273553991,26.152643620601257,25
2022-06-12,3.195732273553991,28.361085222557954,32
2022-06-13,3.195732273553991,29.98153168573013,22
2022-06-14,3.195732273553991,29.895070917479313,25
2022-06-15,3.195732273553991,27.751481193048303,31
2022-06-16,3.195732273553991,25.04651980498443,24
2022-06-17,3.195732273553991,25.458762482088172,33
2022-06-18,3.195732273553991,26.58630866954621,35
2022-06-19,3.195732273553991,28.727340736733694,29
2022-06-20,3.195732273553991,29.394574813343713,34
2022-06-21,3.195732273553991,27.680574638104577,21
2022-06-22,3.195732273553991,25.37464373207243,26
2022-06-23,3.195732273553991,23.97385207255052,28
2022-06-24,3.195732273553991,24.233686151590373,22
2022-06-25,3.195732273553991,26.171748350071127,21
2022-06-26,3.195732273553991,28.992442331898644,25
2022-06-27,3.195732273553991,29.502634633184677,30
2022-06-28,3.195732273553991,29.300366037520767,25
2022-06-29,3.195732273553991,26.713284169170713,20
2022-06-30,3.195732273553991,25.09098409894896,26
2022-07-01,3.195732273553991,25.115283693834762,19
2022-07-02,3.195732273553991,27.659242257857258,32
2022-07-03,3.195732273553991,30.2294589749957,21
2022-07-04,3.195732273553991,31.26496736166351,20
2022-07-05,3.195732273553991,30.595200779111213,36
2022-07-06,3.195732273553991,27.60007138572991,38
2022-07-07,3.195732273553991,25.853493701379485,21
2022-07-08,3.195732273553991,26.30788140354193,26
2022-07-09,3.195732273553991,29.003881098988263,30
2022-07-10,3.195732273553991,31.537030743284443,26
2022-07-11,3.195732273553991,32.87551141153783,29
2022-07-12,3.195732273553991,32.982053781915305,38
2022-07-13,3.195732273553991,30.68361685071158,26
2022-07-14,3.195732273553991,28.987724148887473,27
2022-07-15,3.195732273553991,29.15189654453077,30
2022-07-16,3.195732273553991,31.03103956817075,21
2022-07-17,3.195732273553991,32.92060197037982,27
2022-07-18,3.195732273553991,34.503895603940734,31
2022-07-19,3.195732273553991,33.227935108475975,22
2022-07-20,3.195732273553991,30.464250936564092,31
2022-07-21,3.195732273553991,28.663882570957657,32
2022-07-22,3.195732273553991,29.009990276190923,18
2022-07-23,3.195732273553991,31.30602880349671,30
2022-07-24,3.195732273553991,33.60380324685895,40
2022-07-25,3.195732273553991,35.13653215448327,37
2022-07-26,3.195732273553991,34.445501623525466,35
2022-07-27,3.195732273553991,31.805831902418408,30
2022-07-28,3.195732273553991,29.77324389236449,26
2022-07-29,3.195732273553991,29.861329769986188,27
2022-07-30,3.195732273553991,32.421155488088225,30
2022-07-31,3.195732273553991,35.29926639337208,42
2022-08-01,3.195732273553991,36.95279562391503,31
2022-08-02,3.195732273553991,35.59424108608406,37
2022-08-03,3.195732273553991,33.062614895522294,32
2022-08-04,3.195732273553991,30.85553693859812,29
2022-08-05,3.195732273553991,31.019859924609708,38
2022-08-06,3.195732273553991,34.06381119951053,40
2022-08-07,3.195732273553991,36.38563061957018,37
2022-08-08,3.195732273553991,37.781188000783125,42
2022-08-09,3.195732273553991,36.71750466075994,24
2022-08-10,3.195732273553991,34.12955515696955,38
2022-08-11,3.195732273553991,32.85756573203942,29
2022-08-12,3.195732273553991,33.10759325336483,32
2022-08-13,3.195732273553991,34.88112715410408,26
2022-08-14,3.195732273553991,37.029890686427045,33
2022-08-15,3.195732273553991,39.13096605045759,43
2022-08-16,3.195732273553991,36.89717376486848,43
2022-08-17,3.195732273553991,34.065600268021335,37
2022-08-18,3.195732273553991,31.86252956047287,36
2022-08-19,3.195732273553991,32.3292581183505,37
2022-08-20,3.195732273553991,34.440952352218034,32
2022-08-21,3.195732273553991,37.54634853519237,38
2022-08-22,3.195732273553991,38.519011435401005,35
2022-08-23,3.195732273553991,37.08524730086959,31
2022-08-24,3.195732273553991,34.13142599519807,27
2022-08-25,3.195732273553991,31.963050693623277,33
2022-08-26,3.195732273553991,31.559353666051017,24
2022-08-27,3.195732273553991,34.122313998226666,33
2022-08-28,3.195732273553991,36.46011885054957,43
2022-08-29,3.195732273553991,37.73689592840596,34
2022-08-30,3.195732273553991,37.204116259756304,34
2022-08-31,3.195732273553991,34.025152152458894,27
2022-09-01,3.195732273553991,31.732267099074736,36
2022-09-02,3.195732273553991,32.001720057554664,44
2022-09-03,3.195732273553991,33.64799511670928,40
2022-09-04,3.195732273553991,37.91246944558477,37
2022-09-05,3.195732273553991,39.55235445104144,43
2022-09-06,3.195732273553991,37.9818801266419,31
2022-09-07,3.195732273553991,34.964223026554805,37
2022-09-08,3.195732273553991,32.582967056143616,41
2022-09-09,3.195732273553991,32.23155485752467,35
2022-09-10,3.195732273553991,33.63686322411165,35
2022-09-11,3.195732273553991,36.152999388769764,38
2022-09-12,3.195732273553991,37.03730482816432,40
2022-09-13,3.195732273553991,35.73671983676399,37
2022-09-14,3.195732273553991,33.332474701267536,33
2022-09-15,3.195732273553991,30.770014938797313,32
2022-09-16,3.195732273553991,31.029090789021947,35
2022-09-17,3.195732273553991,33.57610482039254,34
2022-09-18,3.195732273553991,36.33727621376587,38
2022-09-19,3.195732273553991,37.93268498927725,47
2022-09-20,3.195732273553991,36.26293555679351,35
2022-09-21,3.195732273553991,33.938307374138404,26
2022-09-22,3.195732273553991,30.972499289313166,26
2022-09-23,3.195732273553991,31.785307922119554,29
2022-09-24,3.195732273553991,32.97327097651224,33
2022-09-25,3.195732273553991,35.87658990872106,31
2022-09-26,3.195732273553991,36.75246852740459,31
2022-09-27,3.195732273553991,35.03151995352048,44
2022-09-28,3.195732273553991,31.895098100611204,27
2022-09-29,3.195732273553991,29.468866010084312,30
2022-09-30,3.195732273553991,29.444347302421622,17
2022-10-01,3.195732273553991,31.59122265959943,29
2022-10-02,3.195732273553991,35.03409895260538,32
2022-10-03,3.195732273553991,36.41542403937863,36
2022-10-04,3.195732273553991,34.711158490910435,31
2022-10-05,3.195732273553991,31.769818793484074,35
2022-10-06,3.195732273553991,29.19373937691039,27
2022-10-07,3.195732273553991,28.757966004431125,24
2022-10-08,3.195732273553991,30.6713978967257,36
2022-10-09,3.195732273553991,33.78630969153335,36
2022-10-10,3.195732273553991,34.74434436197831,41
2022-10-11,3.195732273553991,33.63723520865089,40
2022-10-12,3.195732273553991,30.862503366353533,36
2022-10-13,3.195732273553991,29.136773223150755,25
2022-10-14,3.0457322735539907,36.3308793035869,40
2022-10-15,3.0457322735539907,39.90968003449657,39
2022-10-16,3.0457322735539907,42.76542235700156,47
2022-10-17,3.0457322735539907,43.97127346764308,50
2022-10-18,3.0457322735539907,42.59400076423412,30
2022-10-19,3.0457322735539907,38.98757705553705,35
2022-10-20,3.0457322735539907,35.64974810816006,57
2022-10-21,3.0457322735539907,34.94111864184128,36
2022-10-22,3.0457322735539907,37.59249352017239,27
2022-10-23,3.0457322735539907,40.984811430113865,50
2022-10-24,3.0457322735539907,42.17470595758777,62
2022-10-25,3.0457322735539907,40.846303985374504,51
2022-10-26,3.0457322735539907,36.426322529517215,29
2022-10-27,3.0457322735539907,33.75493038262309,29
2022-10-28,3.0457322735539907,34.25126264079714,42
2022-10-29,3.0457322735539907,37.63871667422488,37
2022-10-30,3.0457322735539907,41.24481117110168,45
2022-10-31,3.0457322735539907,42.32844786709088,36
2022-11-01,3.0457322735539907,41.37464899225305,44
2022-11-02,3.0457322735539907,37.99196788726582,32
2022-11-03,3.0457322735539907,36.15079307477131,32
2022-11-04,3.0457322735539907,36.7168555218109,39
2022-11-05,3.0457322735539907,40.253483931011175,41
2022-11-06,3.0457322735539907,42.101933247234456,41
2022-11-07,3.0457322735539907,42.96788043801347,61
2022-11-08,3.0457322735539907,41.2109105132098,36
2022-11-09,3.0457322735539907,38.42073458971441,41
2022-11-10,3.0457322735539907,35.5629745472873,45
2022-11-11,3.0457322735539907,35.651337946904285,37
2022-11-12,3.0457322735539907,38.068171584587,38
2022-11-13,3.0457322735539907,41.352469909748045,37
2022-11-14,3.0457322735539907,41.59512229193909,43
2022-11-15,3.0457322735539907,40.182335548401085,47
2022-11-16,3.0457322735539907,37.28265418042378,45
2022-11-17,3.0457322735539907,34.92249327694045,23
2022-11-18,3.0457322735539907,34.73903266674856,38
2022-11-19,3.0457322735539907,37.77130308818118,37
2022-11-20,3.0457322735539907,41.84452517281092,33
2022-11-21,3.0457322735539907,44.34464734516928,40
2022-11-22,3.0457322735539907,42.67995297565733,47
2022-11-23,3.0457322735539907,37.9321161271499,39
2022-11-24,3.0457322735539907,34.98605066606774,27
2022-11-25,3.0457322735539907,34.36548846377543,35
2022-11-26,3.0457322735539907,36.989246827781706,39
2022-11-27,3.0457322735539907,40.71277309512636,37
2022-11-28,3.0457322735539907,42.50172281385828,33
2022-11-29,3.0457322735539907,40.78797290307202,46
2022-11-30,3.0457322735539907,37.45644418949726,37
2022-12-01,3.0457322735539907,35.053729250735586,41
2022-12-02,3.0457322735539907,34.64247650809214,36
2022-12-03,3.0457322735539907,37.274215279288846,41
2022-12-04,3.0457322735539907,40.81391991914066,41
2022-12-05,3.0457322735539907,41.743303501651106,45
2022-12-06,3.0457322735539907,41.09282034949859,46
2022-12-07,3.0457322735539907,38.085636207262596,41
2022-12-08,3.0457322735539907,34.98339670647732,38
2022-12-09,3.0457322735539907,34.6939948145224,27
2022-12-10,3.0457322735539907,36.945415101177,28
2022-12-11,3.0457322735539907,39.61814129020806,32
2022-12-12,3.0457322735539907,40.89312529639313,50
2022-12-13,3.0457322735539907,38.59283300468148,42
2022-12-14,3.0457322735539907,35.062574708926846,21
2022-12-15,3.0457322735539907,31.984398180411166,31
2022-12-16,3.0457322735539907,31.708123170921734,33
2022-12-17,3.0457322735539907,34.272275453175595,25
2022-12-18,3.0457322735539907,36.46682491041611,33
2022-12-19,3.0457322735539907,38.20945864159789,29
2022-12-20,3.0457322735539907,36.33946664417602,24
2022-12-21,3.0457322735539907,33.34744841553552,35
2022-12-22,3.0457322735539907,30.739295655620936,36
2022-12-23,3.0457322735539907,30.615807175955318,28
2022-12-24,3.0457322735539907,33.758943125502825,33
2022-12-25,3.0457322735539907,35.96370263863945,32
2022-12-26,3.0457322735539907,37.61001655539463,38
2022-12-27,3.0457322735539907,36.168783468658994,35
2022-12-28,3.0457322735539907,33.749661891583834,40
2022-12-29,3.0457322735539907,30.836841398850687,33
2022-12-30,3.0457322735539907,30.80741059851679,25
2022-12-31,3.0457322735539907,33.850288244783115,25
2023-01-01,3.0457322735539907,37.79898727963202,32
2023-01-02,3.0457322735539907,39.50324503629742,40
2023-01-03,3.0457322735539907,38.31789017734516,33
2023-01-04,3.0457322735539907,35.201124687631626,36
2023-01-05,3.0457322735539907,34.223403579272556,31
2023-01-06,3.0457322735539907,33.92982090720709,37
2023-01-07,3.0457322735539907,36.50599633428758,41
2023-01-08,3.0457322735539907,39.1683988626049,39
2023-01-09,3.0457322735539907,41.19718022290969,47
2023-01-10,3.0457322735539907,39.87367386704259,40
2023-01-11,3.0457322735539907,37.659730816563886,43
2023-01-12,3.0457322735539907,34.8929589001951,36
2023-01-13,3.0457322735539907,34.222907402162,31
2023-01-14,3.0457322735539907,38.17319800672714,30
2023-01-15,3.0457322735539907,41.34545626223122,40
2023-01-16,3.0457322735539907,43.029385338502905,42
2023-01-17,3.0457322735539907,41.07966046810914,38
2023-01-18,3.0457322735539907,38.71468530603474,45
2023-01-19,3.0457322735539907,35.979863886517336,36
2023-01-20,3.0457322735539907,36.17428209955768,30
2023-01-21,3.0457322735539907,39.247915444064574,30
2023-01-22,3.0457322735539907,42.07723208123504,31
2023-01-23,3.0457322735539907,43.768350530880774,46
2023-01-24,3.0457322735539907,41.94233440198798,44
2023-01-25,3.0457322735539907,38.81956718237672,44
2023-01-26,3.0457322735539907,35.80037831042406,31
2023-01-27,3.0457322735539907,37.595147627629636,39
2023-01-28,3.0457322735539907,39.79222485873269,35
2023-01-29,3.0457322735539907,44.644387003387045,48
2023-01-30,3.0457322735539907,45.566238270271434,43
2023-01-31,3.0457322735539907,43.608117935925236,45
2023-02-01,3.0457322735539907,39.57983923157666,41
2023-02-02,3.0457322735539907,35.86905522695727,31
2023-02-03,3.0457322735539907,35.95146460944456,37
2023-02-04,3.0457322735539907,38.36771560483259,31
2023-02-05,3.0457322735539907,42.3496959728638,38
2023-02-06,3.0457322735539907,44.064256157999445,45
2023-02-07,3.0457322735539907,41.438314620892214,49
2023-02-08,3.0457322735539907,38.01087532813864,34
2023-02-09,3.0457322735539907,36.181145578232375,38
2023-02-10,3.0457322735539907,36.715237562476275,33
2023-02-11,3.0457322735539907,39.54038045438192,40
2023-02-12,3.0457322735539907,42.76307000039108,40
2023-02-13,3.0457322735539907,44.103070591595134,57
2023-02-14,3.0457322735539907,42.627045520632954,54
2023-02-15,3.0457322735539907,39.90552715757829,42
2023-02-16,3.0457322735539907,36.642492530571964,36
2023-02-17,3.0457322735539907,36.98561600055256,35
2023-02-18,3.0457322735539907,40.36317464988297,42
2023-02-19,3.0457322735539907,44.181705489351025,43
2023-02-20,3.0457322735539907,45.13314576358298,44
2023-02-21,3.0457322735539907,43.689194801692494,51
2023-02-22,3.0457322735539907,40.93542986248012,49
2023-02-23,3.0457322735539907,37.29596592466882,33
2023-02-24,3.0457322735539907,38.26854241560712,38
2023-02-25,3.0457322735539907,41.03712264645966,33
2023-02-26,3.0457322735539907,43.881399885026845,34
2023-02-27,3.0457322735539907,46.213512222265805,46
2023-02-28,3.0457322735539907,44.47489878873568,36
2023-03-01,3.0457322735539907,40.47202112203305,56
2023-03-02,3.0457322735539907,37.91599190708056,47
2023-03-03,3.0457322735539907,38.74256275153367,47
2023-03-04,3.0457322735539907,42.09428209906899,47
2023-03-05,3.0457322735539907,46.58338480726415,50
2023-03-06,3.0457322735539907,48.72514252142154,44
2023-03-07,3.0457322735539907,46.736939250223664,43
2023-03-08,3.0457322735539907,43.64187329066919,35
2023-03-09,3.0457322735539907,40.81382688694972,50
2023-03-10,3.0457322735539907,40.71758388648819,46
2023-03-11,3.0457322735539907,43.90817509705314,41
2023-03-12,3.0457322735539907,48.141511362313246,43
2023-03-13,3.0457322735539907,50.96867861342142,44
2023-03-14,3.0457322735539907,49.4206844234024,44
2023-03-15,3.0457322735539907,45.66710479771504,50
2023-03-16,3.0457322735539907,41.724489110000285,40
2023-03-17,3.0457322735539907,40.63441218411942,33
2023-03-18,3.0457322735539907,42.74225736364632,37
2023-03-19,3.0457322735539907,46.2528075603198,50
2023-03-20,3.0457322735539907,48.483649861241936,52
2023-03-21,3.0457322735539907,46.09155806736351,40
2023-03-22,3.0457322735539907,44.48626261152925,50
2023-03-23,3.0457322735539907,41.461212594488984,40
2023-03-24,3.0457322735539907,42.35332620136705,51
2023-03-25,3.0457322735539907,46.6170087941289,47
2023-03-26,3.0457322735539907,50.059260413445315,57
2023-03-27,3.0457322735539907,52.0277934902131,53
2023-03-28,3.0457322735539907,51.29413207222723,50
2023-03-29,3.0457322735539907,46.887838657479286,50
2023-03-30,3.0457322735539907,44.01564138740282,48
2023-03-31,3.0457322735539907,44.555194661238716,49
2023-04-01,3.0457322735539907,48.14183392288692,40
2023-04-02,3.0457322735539907,52.17419545416455,64
2023-04-03,3.0457322735539907,55.981489759806365,50
2023-04-04,3.0457322735539907,53.78393720255967,56
2023-04-05,3.0457322735539907,50.43315005573286,59
2023-04-06,3.0457322735539907,46.311745038522496,36
2023-04-07,3.0457322735539907,45.01324079775023,45
2023-04-08,3.0457322735539907,48.268670287545476,41
2023-04-09,3.0457322735539907,52.22919150241419,47
2023-04-10,3.0457322735539907,53.18312997824884,67
2023-04-11,3.0457322735539907,51.420765929773985,51
2023-04-12,3.0457322735539907,47.90907049390922,45
2023-04-13,3.0457322735539907,44.31979950546154,54
2023-04-14,3.0457322735539907,46.196375211964884,53
2023-04-15,3.0457322735539907,50.37784650823015,60
2023-04-16,3.0457322735539907,54.80307584381286,54
2023-04-17,3.0457322735539907,59.56207120905589,57
2023-04-18,3.0457322735539907,56.490004214426925,62
2023-04-19,3.0457322735539907,53.5194385592136,51
2023-04-20,3.0457322735539907,49.04881237350228,48
2023-04-21,3.0457322735539907,48.9357308987304,49
2023-04-22,3.0457322735539907,52.22028731022345,53
2023-04-23,3.0457322735539907,57.92932356197,67
2023-04-24,3.0457322735539907,58.564637045623506,56
2023-04-25,3.0457322735539907,57.51638026131446,62
2023-04-26,3.0457322735539907,54.50566654013974,51
2023-04-27,3.0457322735539907,51.41562295817613,57
2023-04-28,3.0457322735539907,51.92812099045041,52
2023-04-29,3.0457322735539907,55.9129138211311,44
2023-04-30,3.0457322735539907,59.33531042070326,61
2023-05-01,3.0457322735539907,62.632956413232655,81
2023-05-02,3.0457322735539907,61.294910983043195,68
2023-05-03,3.0457322735539907,56.33632687200605,56
2023-05-04,3.0457322735539907,51.51809450082017,46
2023-05-05,3.0457322735539907,51.968023851541126,48
2023-05-06,3.0457322735539907,56.48256635362495,63
2023-05-07,3.0457322735539907,61.882330892598496,74
2023-05-08,3.0457322735539907,64.19783782130136,66
2023-05-09,3.0457322735539907,63.539045297601376,85
2023-05-10,3.0457322735539907,57.455233592415325,69
2023-05-11,3.0457322735539907,53.16727754193729,65
2023-05-12,3.0457322735539907,54.126550311496224,57
2023-05-13,3.0457322735539907,58.40340329376783,69
2023-05-14,3.0457322735539907,65.06665859182797,63
2023-05-15,3.0457322735539907,70.81217337439752,83
2023-05-16,3.0457322735539907,69.42903999854724,75
2023-05-17,3.0457322735539907,65.51299298894892,67
2023-05-18,3.0457322735539907,62.29025119256243,60
2023-05-19,3.0457322735539907,61.54816828088905,63
2023-05-20,3.0457322735539907,66.15000836443016,64
2023-05-21,3.0457322735539907,73.89432873120835,66
2023-05-22,3.0457322735539907,74.72224940382705,67
2023-05-23,3.0457322735539907,73.90493520365446,69
2023-05-24,3.0457322735539907,68.59109640106574,77
2023-05-25,3.0457322735539907,61.915377123089606,57
2023-05-26,3.0457322735539907,62.84387913461096,70
2023-05-27,3.0457322735539907,68.86479100418859,57
2023-05-28,3.0457322735539907,73.42975981805513,73
2023-05-29,3.0457322735539907,74.71142588457688,66
2023-05-30,3.0457322735539907,73.27425024440119,71
2023-05-31,3.0457322735539907,68.05177349197275,71
2023-06-01,3.0457322735539907,63.48404336287196,60
2023-06-02,3.0457322735539907,64.2913091638692,57
2023-06-03,3.0457322735539907,71.18989986804986,65
2023-06-04,3.0457322735539907,76.52300407625312,85
2023-06-05,3.0457322735539907,79.40428222139919,87
2023-06-06,3.0457322735539907,76.07751533730523,75
2023-06-07,3.0457322735539907,68.46164425535417,53
2023-06-08,3.0457322735539907,62.66059035424503,74
2023-06-09,3.0457322735539907,62.23740772801679,70
2023-06-10,3.0457322735539907,65.89028906036148,55
2023-06-11,3.0457322735539907,71.6833330064051,66
2023-06-12,3.0457322735539907,75.09010308165185,91
2023-06-13,3.0457322735539907,72.07488358433707,65
2023-06-14,3.0457322735539907,68.24422292610254,53
2023-06-15,3.0457322735539907,62.39290148256051,56
2023-06-16,3.0457322735539907,62.70790708886549,51
2023-06-17,3.0457322735539907,68.74605410482648,65
2023-06-18,3.0457322735539907,76.57570501960123,76
2023-06-19,3.0457322735539907,80.0049878229513,90
2023-06-20,3.0457322735539907,77.53404703315195,80
2023-06-21,3.1457322735539908,61.440614878683114,57
2023-06-22,3.1457322735539908,58.45017217094182,64
2023-06-23,3.1457322735539908,59.45063030823924,64
2023-06-24,3.1457322735539908,63.14144133200047,72
2023-06-25,3.1457322735539908,68.55644247947887,70
2023-06-26,3.1457322735539908,73.16240701338909,86
2023-06-27,3.1457322735539908,71.40324242539837,82
2023-06-28,3.1457322735539908,65.35187781448302,65
2023-06-29,3.1457322735539908,60.78621920579145,76
2023-06-30,3.1457322735539908,61.18768340701544,60
2023-07-01,3.1457322735539908,65.91314434679943,78
2023-07-02,3.1457322735539908,71.1793872820873,68
2023-07-03,3.1457322735539908,73.353919963756,80
2023-07-04,3.1457322735539908,72.78114534352159,73
2023-07-05,3.1457322735539908,67.2436754127067,71
2023-07-06,3.1457322735539908,64.09507344634847,62
2023-07-07,3.1457322735539908,64.09845228673885,66
2023-07-08,3.1457322735539908,67.71365313598332,63
2023-07-09,3.1457322735539908,74.99317297228438,69
2023-07-10,3.1457322735539908,76.64899109599976,74
2023-07-11,3.1457322735539908,72.40850850152589,64
2023-07-12,3.1457322735539908,66.99126957741045,64
2023-07-13,3.1457322735539908,61.458638061522244,62
2023-07-14,3.1457322735539908,61.6019450730466,56
2023-07-15,3.1457322735539908,65.81541711279678,60
2023-07-16,3.1457322735539908,71.28209181821502,64
2023-07-17,3.1457322735539908,73.37656283278423,72
2023-07-18,3.1457322735539908,72.60145675385,77
2023-07-19,3.1457322735539908,66.67614738481414,68
2023-07-20,3.1457322735539908,62.31532003903769,43
2023-07-21,3.1457322735539908,61.807628395465215,63
2023-07-22,3.1457322735539908,66.28128145206242,67
2023-07-23,3.1457322735539908,73.47284286877361,82
2023-07-24,3.1457322735539908,78.16538212505205,76
2023-07-25,3.1457322735539908,75.11914312534532,75
2023-07-26,3.1457322735539908,68.54259167258233,62
2023-07-27,3.1457322735539908,62.883317498980176,64
2023-07-28,3.1457322735539908,62.74244556110679,49
2023-07-29,3.1457322735539908,66.34660885002423,59
2023-07-30,3.1457322735539908,71.52406992386594,68
2023-07-31,3.1457322735539908,73.30555694740615,77
2023-08-01,3.1457322735539908,71.32498672046898,74
2023-08-02,3.1457322735539908,66.77162760847396,65
2023-08-03,3.1457322735539908,59.480624495621115,65
2023-08-04,3.1457322735539908,61.886973205135824,69
2023-08-05,3.1457322735539908,66.86345492961686,65
2023-08-06,3.1457322735539908,73.37996576980225,73
2023-08-07,3.1457322735539908,75.15388870001942,61
2023-08-08,3.1457322735539908,72.3395267948386,68
2023-08-09,3.1457322735539908,66.45791753074576,69
2023-08-10,3.1457322735539908,62.37225515102237,79
2023-08-11,3.1457322735539908,63.30305682892338,52
2023-08-12,3.1457322735539908,66.65244302521663,63
2023-08-13,3.1457322735539908,71.96489546733132,71
2023-08-14,3.1457322735539908,73.1690228285308,67
2023-08-15,3.1457322735539908,70.73839046443489,65
2023-08-16,3.1457322735539908,64.0725112866706,64
2023-08-17,3.1457322735539908,59.41023372565584,52
2023-08-18,3.1457322735539908,59.82859143941627,55
2023-08-19,3.1457322735539908,63.504164710236935,62
2023-08-20,3.1457322735539908,69.21543408635608,68
2023-08-21,3.1457322735539908,72.42642831030146,71
2023-08-22,3.1457322735539908,70.9299283590252,84
2023-08-23,3.1457322735539908,66.59200672474894,63
2023-08-24,3.1457322735539908,61.98710454901877,57
2023-08-25,3.1457322735539908,60.34425223102081,73
2023-08-26,3.1457322735539908,64.72942717996389,67
2023-08-27,3.1457322735539908,70.77700529246903,80
2023-08-28,3.1457322735539908,75.17952399546655,83
2023-08-29,3.1457322735539908,71.80926809573177,77
2023-08-30,3.1457322735539908,67.66229943909138,75
2023-08-31,3.1457322735539908,62.96098686419901,67
2023-09-01,3.1457322735539908,63.29286829463796,63
2023-09-02,3.1457322735539908,66.85091075668213,68
2023-09-03,3.1457322735539908,73.54232097079391,82
2023-09-04,3.1457322735539908,75.68620387056869,69
2023-09-05,3.1457322735539908,72.45095975018829,54
2023-09-06,3.1457322735539908,67.06096919332438,65
2023-09-07,3.1457322735539908,62.47859861784436,73
2023-09-08,3.1457322735539908,63.28753928659438,72
2023-09-09,3.1457322735539908,68.05493714908691,68
2023-09-10,3.1457322735539908,75.95338522123126,76
2023-09-11,3.1457322735539908,81.20017323806076,81
2023-09-12,3.1457322735539908,78.80431890188616,79
2023-09-13,3.1457322735539908,71.83860717088197,59
2023-09-14,3.1457322735539908,68.39632032623409,57
2023-09-15,3.1457322735539908,67.95582413965805,56
2023-09-16,3.1457322735539908,73.18257950807416,75
2023-09-17,3.1457322735539908,81.61104671078496,78
2023-09-18,3.1457322735539908,84.6339554325286,85
2023-09-19,3.1457322735539908,81.65680206130426,72
2023-09-20,3.1457322735539908,72.08488391261514,87
2023-09-21,3.1457322735539908,66.690466400301,53
2023-09-22,3.1457322735539908,66.14657827599662,73
2023-09-23,3.1457322735539908,70.95251167038546,80
2023-09-24,3.1457322735539908,78.45991883631537,80
2023-09-25,3.1457322735539908,80.33971401218751,83
2023-09-26,3.1457322735539908,78.44807352316674,86
2023-09-27,3.1457322735539908,70.91853192013667,82
2023-09-28,3.1457322735539908,65.76458147633139,68
2023-09-29,3.1457322735539908,66.06558405507505,62
2023-09-30,3.1457322735539908,72.10330342981962,69
2023-10-01,3.1457322735539908,78.37364646405005,74
2023-10-02,3.1457322735539908,79.76731130197689,79
2023-10-03,3.1457322735539908,75.53129947372977,73
2023-10-04,3.1457322735539908,70.0694791943631,81
2023-10-05,3.1457322735539908,64.61127130406938,65
2023-10-06,3.1457322735539908,64.09880244229116,69
2023-10-07,3.1457322735539908,69.21730860365534,57
2023-10-08,3.1457322735539908,71.99865306622152,69
2023-10-09,3.1457322735539908,76.47304913336718,61
2023-10-10,3.1457322735539908,72.60169494053595,74
2023-10-11,3.1457322735539908,65.17739570219341,62
2023-10-12,3.1457322735539908,60.34186806575171,66
2023-10-13,3.1457322735539908,59.71899565859241,49
2023-10-14,3.1457322735539908,62.927405143880115,35
2023-10-15,3.1457322735539908,67.38749231031326,71
2023-10-16,3.1457322735539908,67.7106723994423,73
2023-10-17,3.1457322735539908,66.12903884306179,63
2023-10-18,3.1457322735539908,61.77477925844643,76
2023-10-19,3.1457322735539908,57.678739203019106,54
2023-10-20,3.1457322735539908,59.525201694440156,45
2023-10-21,3.1457322735539908,62.43994905831755,66
2023-10-22,3.1457322735539908,67.79816272082988,67
2023-10-23,3.1457322735539908,69.98359267230936,61
2023-10-24,3.1457322735539908,66.48072354354517,65
2023-10-25,3.1457322735539908,60.44877324534191,47
2023-10-26,3.1457322735539908,55.36438322396936,43
2023-10-27,3.1457322735539908,55.80680813908082,57
2023-10-28,3.1457322735539908,58.800616731764485,53
2023-10-29,3.1457322735539908,62.02403221193229,65
2023-10-30,3.1457322735539908,64.4032097126697,60
2023-10-31,3.1457322735539908,62.43883492647193,74
2023-11-01,3.1457322735539908,57.11648616041561,67
2023-11-02,3.1457322735539908,52.96313026182874,57
2023-11-03,3.1457322735539908,52.72564817762893,70
2023-11-04,3.1457322735539908,57.042406829815775,54
2023-11-05,3.1457322735539908,61.82947161462983,65
2023-11-06,3.1457322735539908,64.27706095547109,58
2023-11-07,3.1457322735539908,61.19442814515548,61
2023-11-08,3.1457322735539908,56.53607850235461,71
2023-11-09,3.1457322735539908,51.37254595499704,45
2023-11-10,3.1457322735539908,51.79865991632445,51
2023-11-11,3.1457322735539908,54.791185671583044,52
2023-11-12,3.1457322735539908,59.752104481488104,53
2023-11-13,3.1457322735539908,61.769262183632804,53
2023-11-14,3.1457322735539908,59.412683881697326,56
2023-11-15,3.1457322735539908,56.360885684425966,56
2023-11-16,3.1457322735539908,53.62393727580871,52
2023-11-17,3.1457322735539908,51.32237164221938,54
2023-11-18,3.1457322735539908,53.84662132625415,47
2023-11-19,3.1457322735539908,57.41476170730418,55
2023-11-20,3.1457322735539908,61.31930284271532,75
2023-11-21,3.1457322735539908,58.35993229253028,68
2023-11-22,3.1457322735539908,55.0604729502368,62
2023-11-23,3.1457322735539908,51.59780110566949,54
2023-11-24,3.1457322735539908,51.41269971685513,47
2023-11-25,3.1457322735539908,56.18761022844646,66
2023-11-26,3.1457322735539908,61.37657873397369,65
2023-11-27,3.1457322735539908,63.60618995884889,75
2023-11-28,3.1457322735539908,61.3326691025342,69
2023-11-29,3.1457322735539908,56.360286591622035,54
2023-11-30,3.1457322735539908,51.87191838277623,51
2023-12-01,3.1457322735539908,51.0162308490906,43
2023-12-02,3.1457322735539908,54.32722313599688,47
2023-12-03,3.1457322735539908,59.70932747373005,44
2023-12-04,3.1457322735539908,60.86159368865741,49
2023-12-05,3.1457322735539908,58.07030847081278,66
2023-12-06,3.1457322735539908,52.89362330701211,49
2023-12-07,3.1457322735539908,49.857565275357786,55
2023-12-08,3.1457322735539908,49.1388068694993,59
2023-12-09,3.1457322735539908,53.38895093942851,39
2023-12-10,3.1457322735539908,57.89447213517148,82
2023-12-11,3.1457322735539908,60.509542545037455,63
2023-12-12,3.1457322735539908,59.400230958558204,61
2023-12-13,3.1457322735539908,54.37321755754175,59
2023-12-14,3.1457322735539908,50.688273683058625,45
2023-12-15,3.1457322735539908,50.313809666671794,36
2023-12-16,3.1457322735539908,54.41323972263247,43
2023-12-17,3.1457322735539908,60.33595149056713,64
2023-12-18,3.1457322735539908,65.12311059309275,68
2023-12-19,3.1457322735539908,62.31156429370334,58
2023-12-20,3.1457322735539908,57.5257467372168,53
2023-12-21,3.1457322735539908,54.448103458967694,46
2023-12-22,3.1457322735539908,54.22951501994087,55
2023-12-23,3.1457322735539908,57.52550101196619,64
2023-12-24,3.1457322735539908,62.01818291373244,67
2023-12-25,3.1457322735539908,63.53965352449009,64
2023-12-26,3.1457322735539908,61.163829944767066,64
2023-12-27,3.1457322735539908,57.695768989802076,70
2023-12-28,3.1457322735539908,53.34572139400435,68
2023-12-29,3.1457322735539908,53.47240180091549,65
2023-12-30,3.1457322735539908,56.57585848536968,47
2023-12-31,3.1457322735539908,61.77972100100292,62
2024-01-01,3.1457322735539908,64.02817467951489,74
2024-01-02,3.1457322735539908,62.52256730363949,75
2024-01-03,3.1457322735539908,58.316160936684824,57
2024-01-04,3.1457322735539908,53.551381926589926,56
2024-01-05,3.1457322735539908,53.694642363943835,49
2024-01-06,3.1457322735539908,57.31195269088045,57
2024-01-07,3.1457322735539908,62.04900704962885,73
2024-01-08,3.1457322735539908,65.21382275199659,59
2024-01-09,3.1457322735539908,62.876342077945985,69
2024-01-10,3.1457322735539908,57.68979046605462,55
2024-01-11,3.1457322735539908,53.92806002060507,46
2024-01-12,3.1457322735539908,54.8210821969898,62
2024-01-13,3.1457322735539908,59.60734486363737,40
2024-01-14,3.1457322735539908,65.23320789274538,65
2024-01-15,3.1457322735539908,69.33760162986236,61
2024-01-16,3.1457322735539908,64.97727639268099,69
2024-01-17,3.1457322735539908,60.13050736293907,57
2024-01-18,3.1457322735539908,54.78976494483228,60
2024-01-19,3.1457322735539908,54.95134317255855,48
2024-01-20,3.1457322735539908,58.86068885804799,65
2024-01-21,3.1457322735539908,65.8029650437726,58
2024-01-22,3.1457322735539908,68.14796478069273,61
2024-01-23,3.1457322735539908,67.32546899327478,58
2024-01-24,3.1457322735539908,62.65073901258453,60
2024-01-25,3.1457322735539908,59.334957080725005,71
2024-01-26,3.1457322735539908,60.16473005689734,59
2024-01-27,3.1457322735539908,65.3967144224512,69
2024-01-28,3.1457322735539908,70.31517487044472,59
2024-01-29,3.1457322735539908,73.18322804731231,66
2024-01-30,3.1457322735539908,70.83063619585279,67
2024-01-31,3.1457322735539908,66.55301487245349,65
2024-02-01,3.1457322735539908,62.27420140193525,52
2024-02-02,3.1457322735539908,62.50870371866349,78
2024-02-03,3.1457322735539908,68.09743186678051,69
2024-02-04,3.1457322735539908,74.29423830898483,57
2024-02-05,3.1457322735539908,78.75829471925417,81
2024-02-06,3.1457322735539908,78.48676330772702,71
2024-02-07,3.1457322735539908,72.91449962934826,54
2024-02-08,3.1457322735539908,68.00501255315649,77
2024-02-09,3.1457322735539908,67.93267221818296,68
2024-02-10,3.1457322735539908,72.41015438392365,72
2024-02-11,3.1457322735539908,78.01852218600685,49
2024-02-12,3.1457322735539908,80.50531785718681,83
2024-02-13,3.1457322735539908,77.35513979910245,80
2024-02-14,3.1457322735539908,71.46691073119717,69
2024-02-15,3.1457322735539908,65.76823077080036,61
2024-02-16,3.1457322735539908,65.35970734861246,76
2024-02-17,3.1457322735539908,70.7512302116155,75
2024-02-18,3.1457322735539908,73.8206524251494,79
2024-02-19,3.1457322735539908,76.87433246606847,76
2024-02-20,3.1457322735539908,74.83578646688483,71
2024-02-21,3.1457322735539908,68.92404422001567,68
2024-02-22,3.1457322735539908,63.946027192491464,59
2024-02-23,3.1457322735539908,63.77667724225496,67
2024-02-24,3.1457322735539908,70.9830433174899,79
2024-02-25,3.1457322735539908,78.2557147812694,74
2024-02-26,3.245732273553991,72.30887710470357,58
2024-02-27,3.245732273553991,69.59337863169202,79
2024-02-28,3.245732273553991,64.76082296243284,65
2024-02-29,3.245732273553991,61.732498594029835,59
2024-03-01,3.245732273553991,60.99608139078751,69
2024-03-02,3.245732273553991,65.71047690905586,69
2024-03-03,3.245732273553991,71.70857865353919,74
2024-03-04,3.245732273553991,74.16637515546493,78
2024-03-05,3.245732273553991,71.25814715002421,73
2024-03-06,3.245732273553991,66.30893437228892,69
2024-03-07,3.245732273553991,62.50170775654653,54
2024-03-08,3.245732273553991,63.4446194946881,60
2024-03-09,3.245732273553991,68.89173533276909,71
2024-03-10,3.245732273553991,76.26580703182428,53
2024-03-11,3.245732273553991,78.5851346894738,78
2024-03-12,3.245732273553991,76.43965111797816,72
2024-03-13,3.245732273553991,71.40309897807211,74
2024-03-14,3.245732273553991,66.40103863303467,68
2024-03-15,3.245732273553991,67.65050652825703,70
2024-03-16,3.245732273553991,72.29067850622049,80
2024-03-17,3.245732273553991,80.41010914667291,66
2024-03-18,3.245732273553991,84.16893588717134,80
2024-03-19,3.245732273553991,81.78543996725212,70
2024-03-20,3.245732273553991,76.05045056614463,62
2024-03-21,3.245732273553991,74.6503367062058,91
2024-03-22,3.245732273553991,73.9305791407141,77
2024-03-23,3.245732273553991,80.73571517542186,91
2024-03-24,3.245732273553991,90.05452041206816,86
2024-03-25,3.245732273553991,93.71873014887315,102
2024-03-26,3.245732273553991,91.92033340427766,79
2024-03-27,3.245732273553991,85.49527119371193,86
2024-03-28,3.245732273553991,80.68180557909943,88
2024-03-29,3.245732273553991,82.16320626787434,76
2024-03-30,3.245732273553991,88.41688500917294,89
2024-03-31,3.245732273553991,97.95429334256336,101
2024-04-01,3.245732273553991,102.62221925538842,114
2024-04-02,3.245732273553991,98.6533403617512,108
2024-04-03,3.245732273553991,91.00343852861596,96
2024-04-04,3.245732273553991,86.64252312922454,88
2024-04-05,3.245732273553991,87.84091822057698,93
2024-04-06,3.245732273553991,97.83060787657702,112
2024-04-07,3.245732273553991,106.65128570128532,104
2024-04-08,3.245732273553991,111.12451402236785,100
2024-04-09,3.245732273553991,108.02116106929608,107
2024-04-10,3.245732273553991,99.08377582769856,109
2024-04-11,3.245732273553991,94.40284464217581,104
2024-04-12,3.245732273553991,96.25565710166364,79
2024-04-13,3.245732273553991,102.59865514113297,107
2024-04-14,3.245732273553991,112.67312169452366,96
2024-04-15,3.245732273553991,119.70959963973384,106
2024-04-16,3.245732273553991,112.39829021842638,126
2024-04-17,3.245732273553991,101.00978638697771,96
2024-04-18,3.245732273553991,93.73957789287616,96
2024-04-19,3.245732273553991,95.0034507603839,95
2024-04-20,3.245732273553991,106.53536874540066,128
2024-04-21,3.245732273553991,112.23102236242772,123
2024-04-22,3.245732273553991,114.87292881583078,122
2024-04-23,3.245732273553991,110.3363734236442,110
2024-04-24,3.245732273553991,102.26725275385212,109
2024-04-25,3.245732273553991,95.52757062760071,98
2024-04-26,3.245732273553991,98.18846482158474,104
2024-04-27,3.245732273553991,103.40547728651347,107
2024-04-28,3.245732273553991,111.21711679854076,106
2024-04-29,3.245732273553991,114.43031162301136,124
2024-04-30,3.245732273553991,110.2505650996104,114
2024-05-01,3.245732273553991,101.6027436073938,102
2024-05-02,3.245732273553991,95.7710224649668,91
2024-05-03,3.245732273553991,95.67764882167326,94
2024-05-04,3.245732273553991,106.22765787155518,104
2024-05-05,3.245732273553991,115.6338942302792,102
2024-05-06,3.245732273553991,120.85244217710888,122
2024-05-07,3.245732273553991,117.5124522424088,119
2024-05-08,3.245732273553991,105.01531329686475,125
2024-05-09,3.245732273553991,96.41010415398951,91
2024-05-10,3.245732273553991,94.32371805605493,84
2024-05-11,3.245732273553991,100.81573937618859,115
2024-05-12,3.245732273553991,107.91073882213963,114
2024-05-13,3.245732273553991,112.15265066124037,106
2024-05-14,3.245732273553991,108.56467991724192,118
2024-05-15,3.245732273553991,102.9185767680603,97
2024-05-16,3.245732273553991,97.97520024727189,96
2024-05-17,3.245732273553991,98.76738555840201,96
2024-05-18,3.245732273553991,107.84306193064833,118
2024-05-19,3.245732273553991,117.7689365323967,128
2024-05-20,3.245732273553991,121.07188751125264,132
2024-05-21,3.245732273553991,122.60071385793508,139
2024-05-22,3.245732273553991,112.58577330301823,133
2024-05-23,3.245732273553991,107.13432154057456,94
2024-05-24,3.245732273553991,107.07565225412033,113
2024-05-25,3.245732273553991,113.60398811417966,97
2024-05-26,3.245732273553991,123.81491583357509,118
2024-05-27,3.245732273553991,128.28173605484412,129
2024-05-28,3.245732273553991,122.93418224067625,131
2024-05-29,3.245732273553991,114.85162979610604,128
2024-05-30,3.245732273553991,107.21107644859127,111
2024-05-31,3.245732273553991,107.63200533057297,121
2024-06-01,3.245732273553991,113.03120296248484,110
2024-06-02,3.245732273553991,123.48306721188015,115
2024-06-03,3.245732273553991,127.3188864751378,150
2024-06-04,3.245732273553991,123.98934336585472,118
2024-06-05,3.245732273553991,111.5373855846711,103
2024-06-06,3.245732273553991,103.3330379820784,109
2024-06-07,3.245732273553991,105.550072803513,99
2024-06-08,3.245732273553991,114.78814044427556,107
2024-06-09,3.245732273553991,122.92815253017876,120
2024-06-10,3.245732273553991,127.93344111502309,142
2024-06-11,3.245732273553991,125.27544929394607,136
2024-06-12,3.245732273553991,116.43756013581329,115
2024-06-13,3.245732273553991,105.89147682178876,102
2024-06-14,3.245732273553991,104.65011596352456,95
2024-06-15,3.245732273553991,114.01741314067888,113
2024-06-16,3.245732273553991,123.20836800081537,114
2024-06-17,3.245732273553991,129.82559675057806,137
2024-06-18,3.245732273553991,122.65702187731247,117
2024-06-19,3.245732273553991,113.09455101272036,113
2024-06-20,3.245732273553991,107.6854960855648,105
2024-06-21,3.245732273553991,108.05886282655632,99
2024-06-22,3.245732273553991,118.49660404674366,108
2024-06-23,3.245732273553991,129.29275314739405,142
2024-06-24,3.245732273553991,136.03112040682316,150
2024-06-25,3.245732273553991,133.84745562556054,110
2024-06-26,3.245732273553991,125.24089498604766,123
2024-06-27,3.245732273553991,118.13434003939763,123
2024-06-28,3.245732273553991,120.10192690141533,126
2024-06-29,3.245732273553991,127.98729842549032,123
2024-06-30,3.245732273553991,141.47235692033598,129
2024-07-01,3.245732273553991,145.6320794297946,148
2024-07-02,3.245732273553991,147.32201354546976,163
2024-07-03,3.245732273553991,134.3618646642408,123
2024-07-04,3.245732273553991,125.12634062096082,142
2024-07-05,3.245732273553991,124.03573067607385,111
2024-07-06,3.245732273553991,133.91266312410983,136
2024-07-07,3.245732273553991,145.2938089359259,156
2024-07-08,3.245732273553991,148.83993766973254,178
2024-07-09,3.245732273553991,145.443893336972,148
2024-07-10,3.245732273553991,135.3799061667396,133
2024-07-11,3.245732273553991,127.72706385291767,134
2024-07-12,3.245732273553991,129.89286719470857,140
2024-07-13,3.245732273553991,139.10454811914016,156
2024-07-14,3.245732273553991,148.3218691757177,129
2024-07-15,3.245732273553991,155.73760286001385,139
2024-07-16,3.245732273553991,152.4016259196487,127
2024-07-17,3.245732273553991,139.80182229129383,140
2024-07-18,3.245732273553991,129.42188470726208,149
2024-07-19,3.245732273553991,127.42029899386783,121
2024-07-20,3.245732273553991,135.01235434456774,128
2024-07-21,3.245732273553991,143.42824267154785,150
2024-07-22,3.245732273553991,148.06275182128252,153
2024-07-23,3.245732273553991,144.0654956666382,158
2024-07-24,3.245732273553991,133.08631243992014,150
2024-07-25,3.245732273553991,124.94463935178176,127
2024-07-26,3.245732273553991,125.38073496630352,128
2024-07-27,3.245732273553991,133.2173857878129,136
2024-07-28,3.245732273553991,148.07226247424416,128
2024-07-29,3.245732273553991,154.08270248750577,145
2024-07-30,3.245732273553991,143.5705646041409,140
2024-07-31,3.245732273553991,131.6911592247599,135
2024-08-01,3.245732273553991,124.46092015440406,126
2024-08-02,3.245732273553991,125.35718555823037,135
2024-08-03,3.245732273553991,136.3681325363696,138
2024-08-04,3.245732273553991,150.06217431063058,160
2024-08-05,3.245732273553991,153.59438307502123,176
2024-08-06,3.245732273553991,150.01143898472156,151
2024-08-07,3.245732273553991,135.36882501740456,132
2024-08-08,3.245732273553991,123.6306461896915,145
2024-08-09,3.245732273553991,124.23897670156866,111
2024-08-10,3.245732273553991,136.75894403782306,141
2024-08-11,3.245732273553991,149.59113801772918,157
2024-08-12,3.245732273553991,153.1383235240792,130
2024-08-13,3.245732273553991,144.26258852552135,142
2024-08-14,3.245732273553991,131.28429053617384,135
2024-08-15,3.245732273553991,122.46211092106437,123
2024-08-16,3.245732273553991,122.55689432861202,128
2024-08-17,3.245732273553991,129.53307745665555,132
2024-08-18,3.245732273553991,143.40378706125227,113
2024-08-19,3.245732273553991,146.62235289172722,146
2024-08-20,3.245732273553991,143.84728408166393,134
2024-08-21,3.245732273553991,129.4041202967106,127
2024-08-22,3.245732273553991,119.72018262757018,104
2024-08-23,3.245732273553991,118.03415580737368,102
2024-08-24,3.245732273553991,127.87237688729753,116
2024-08-25,3.245732273553991,142.30110424050912,146
2024-08-26,3.245732273553991,147.6322997229492,150
2024-08-27,3.245732273553991,142.93637551747307,133
2024-08-28,3.245732273553991,133.0162519286423,149
2024-08-29,3.245732273553991,122.39864919709801,144
2024-08-30,3.245732273553991,122.46568838425453,98
2024-08-31,3.245732273553991,128.31986645411268,124
2024-09-01,3.245732273553991,138.67035120044102,132
2024-09-02,3.245732273553991,141.17165588567858,130
2024-09-03,3.245732273553991,138.46554885903254,134
2024-09-04,3.245732273553991,127.89665022699714,106
2024-09-05,3.245732273553991,118.56252799463482,142
2024-09-06,3.245732273553991,119.40214270507182,115
2024-09-07,3.245732273553991,128.8579105654,129
2024-09-08,3.245732273553991,137.73095646085716,136
2024-09-09,3.245732273553991,142.41252788319588,111
2024-09-10,3.245732273553991,140.70976589528806,137
2024-09-11,3.245732273553991,125.91097858570437,134
2024-09-12,3.245732273553991,116.36261689645741,131
2024-09-13,3.2957322735539907,107.64940710256923,112
2024-09-14,3.2957322735539907,116.34263843886409,107
2024-09-15,3.2957322735539907,126.61252507249398,132
2024-09-16,3.2957322735539907,134.00526496200305,137
2024-09-17,3.2957322735539907,127.21745683126352,127
2024-09-18,3.2957322735539907,118.1360116074537,121
2024-09-19,3.2957322735539907,111.2917329149554,110
2024-09-20,3.2957322735539907,109.19437396749258,97
2024-09-21,3.2957322735539907,115.20692185056032,102
2024-09-22,3.2957322735539907,124.21126053759625,130
2024-09-23,3.2957322735539907,129.6194305474114,121
2024-09-24,3.2957322735539907,127.62934473843714,129
2024-09-25,3.2957322735539907,117.29863363270536,107
2024-09-26,3.2957322735539907,111.558564245081,99
2024-09-27,3.2957322735539907,110.64150017292721,118
2024-09-28,3.2957322735539907,117.57860753160224,102
2024-09-29,3.2957322735539907,125.73371852715168,127
2024-09-30,3.2957322735539907,127.19498828743104,128
2024-10-01,3.2957322735539907,124.11207480590586,152
2024-10-02,3.2957322735539907,112.9769469293846,110
2024-10-03,3.2957322735539907,106.65306325378863,100
2024-10-04,3.2957322735539907,106.86883745660576,96
2024-10-05,3.2957322735539907,117.72298740210205,113
2024-10-06,3.2957322735539907,127.76368014822627,137
2024-10-07,3.2957322735539907,133.14500148233265,122
2024-10-08,3.2957322735539907,130.53661103976927,107
2024-10-09,3.2957322735539907,119.88702358573425,130
2024-10-10,3.2957322735539907,112.25766809714794,132
2024-10-11,3.2957322735539907,113.01387634339464,120
2024-10-12,3.2957322735539907,118.9046214677245,119
2024-10-13,3.2957322735539907,130.59457331380221,133
2024-10-14,3.2957322735539907,134.00758944191318,126
2024-10-15,3.2957322735539907,132.06066185154336,124
2024-10-16,3.2957322735539907,123.61551075833741,106
2024-10-17,3.2957322735539907,115.45615993059641,126
2024-10-18,3.2957322735539907,116.45900306377011,107
2024-10-19,3.2957322735539907,124.18571395786579,141
2024-10-20,3.2957322735539907,132.82277646822038,125
2024-10-21,3.2957322735539907,139.7663796372953,163
2024-10-22,3.2957322735539907,134.0782423397296,121
2024-10-23,3.2957322735539907,122.5585434325462,128
2024-10-24,3.2957322735539907,114.55493809306529,125
2024-10-25,3.2957322735539907,114.02759902122331,116
2024-10-26,3.2957322735539907,127.1786560998698,116
2024-10-27,3.2957322735539907,139.16895624660575,124
2024-10-28,3.2957322735539907,142.86279992378698,145
2024-10-29,3.2957322735539907,140.09107392351194,134
2024-10-30,3.2957322735539907,127.13480413217331,124
2024-10-31,3.2957322735539907,115.84641076357286,108
2024-11-01,3.2957322735539907,115.66810234749056,99
2024-11-02,3.2957322735539907,124.10756934639622,119
2024-11-03,3.2957322735539907,135.07171352484997,150
2024-11-04,3.2957322735539907,139.77215684671006,152
2024-11-05,3.2957322735539907,132.29711403877016,138
2024-11-06,3.2957322735539907,123.14817355372553,96
2024-11-07,3.2957322735539907,111.43622933314612,99
2024-11-08,3.2957322735539907,112.03020783227058,109
2024-11-09,3.2957322735539907,122.54435143043045,122
2024-11-10,3.2957322735539907,136.4547184216357,121
2024-11-11,3.2957322735539907,139.35859792211969,107
2024-11-12,3.2957322735539907,136.3124145664339,136
2024-11-13,3.2957322735539907,123.67648261373176,163
2024-11-14,3.2957322735539907,113.18390127924333,113
2024-11-15,3.2957322735539907,115.1012341339803,102
2024-11-16,3.2957322735539907,124.29355650571915,114
2024-11-17,3.2957322735539907,134.8940060196325,140
2024-11-18,3.2957322735539907,139.66379592958862,133
2024-11-19,3.2957322735539907,135.5530222867272,135
2024-11-20,3.2957322735539907,124.19610811283368,131
2024-11-21,3.2957322735539907,114.22866954683869,96
2024-11-22,3.2957322735539907,119.23015686063574,115
2024-11-23,3.2957322735539907,128.3334072483146,152
2024-11-24,3.2957322735539907,142.016415994902,159
2024-11-25,3.2957322735539907,147.1000732219329,136
2024-11-26,3.2957322735539907,141.73023941860112,148
2024-11-27,3.2957322735539907,129.04674655770899,130
2024-11-28,3.2957322735539907,120.50998558145133,114
2024-11-29,3.2957322735539907,118.4593303030708,105
2024-11-30,3.2957322735539907,126.87806493968914,140
2024-12-01,3.2957322735539907,136.92208603554022,137
2024-12-02,3.2957322735539907,144.69808839676156,145
2024-12-03,3.2957322735539907,143.68836332883666,136
2024-12-04,3.2957322735539907,132.58825537408774,132
2024-12-05,3.2957322735539907,119.64707584654376,129
2024-12-06,3.2957322735539907,119.91542780194393,110
2024-12-07,3.2957322735539907,129.90353118583124,116
2024-12-08,3.2957322735539907,139.36223741768111,132
2024-12-09,3.2957322735539907,144.54224381572408,155
2024-12-10,3.2957322735539907,140.31076997120002,146
2024-12-11,3.2957322735539907,130.08136520348353,127
2024-12-12,3.2957322735539907,118.07434433737981,119
2024-12-13,3.2957322735539907,118.16711957590691,116
2024-12-14,3.2957322735539907,127.49321417917122,125
2024-12-15,3.2957322735539907,137.56847271339578,138
2024-12-16,3.2957322735539907,140.90305319452514,145
2024-12-17,3.2957322735539907,135.8618089232254,127
2024-12-18,3.2957322735539907,122.04051660071823,106
2024-12-19,3.2957322735539907,113.737457383884,98
2024-12-20,3.2957322735539907,115.33089121549845,126
2024-12-21,3.2957322735539907,123.577837300476,113
2024-12-22,3.2957322735539907,135.75876490115533,143
2024-12-23,3.2957322735539907,141.87546537388067,145
2024-12-24,3.2957322735539907,135.60491996626035,132
2024-12-25,3.2957322735539907,129.5677460020748,134
2024-12-26,3.2957322735539907,120.64877772411381,132
2024-12-27,3.2957322735539907,124.0585048616484,112
2024-12-28,3.2957322735539907,130.69564626659334,112
2024-12-29,3.2957322735539907,143.00835102171393,144
2024-12-30,3.2957322735539907,144.17843217963176,139
2024-12-31,3.2957322735539907,138.2437802181575,134
2025-01-01,3.2957322735539907,126.84350466595075,130
2025-01-02,3.2957322735539907,118.82540688155993,119
2025-01-03,3.2957322735539907,120.38420686890298,124
2025-01-04,3.2957322735539907,129.31894433765683,149
2025-01-05,3.2957322735539907,142.81371919189374,144
2025-01-06,3.2957322735539907,146.63055651338993,144
2025-01-07,3.2957322735539907,143.4477795197448,166
2025-01-08,3.2957322735539907,133.81362964004347,156
2025-01-09,3.2957322735539907,120.70060959135732,118
2025-01-10,3.2957322735539907,122.76390723029327,136
2025-01-11,3.2957322735539907,131.8989906585725,140
2025-01-12,3.2957322735539907,144.8681567163567,147
2025-01-13,3.2957322735539907,151.73759640141387,163
2025-01-14,3.2957322735539907,146.54597754083784,148
2025-01-15,3.2957322735539907,131.65490943286517,122
2025-01-16,3.2957322735539907,122.67060929494923,118
2025-01-17,3.2957322735539907,122.77587146585826,122
2025-01-18,3.2957322735539907,136.7875948920424,155
2025-01-19,3.2957322735539907,147.80043792831833,137
2025-01-20,3.2957322735539907,151.92096649326004,124
2025-01-21,3.2957322735539907,152.31652659508353,160
2025-01-22,3.2957322735539907,140.30837062585235,155
2025-01-23,3.2957322735539907,129.7107139243285,138
2025-01-24,3.2957322735539907,131.05721261089363,149
2025-01-25,3.2957322735539907,143.12518504809415,145
2025-01-26,3.2957322735539907,154.32965683073294,178
2025-01-27,3.2957322735539907,159.94279850796778,161
2025-01-28,3.2957322735539907,154.8229849668166,152
2025-01-29,3.2957322735539907,144.71654590117578,155
2025-01-30,3.2957322735539907,137.4275639272632,143
2025-01-31,3.2957322735539907,135.2917568466287,158
2025-02-01,3.2957322735539907,144.9284509830798,144
2025-02-02,3.2957322735539907,157.3078385089717,134
2025-02-03,3.2957322735539907,164.44501610334424,156
2025-02-04,3.2957322735539907,157.79680689906206,175
2025-02-05,3.2957322735539907,148.29287510152957,126
2025-02-06,3.2957322735539907,139.58747263247227,151
2025-02-07,3.2957322735539907,138.34921895095664,163
2025-02-08,3.2957322735539907,149.8726920129888,158
2025-02-09,3.2957322735539907,164.15573213813764,153
2025-02-10,3.2957322735539907,170.4721794666789,162
2025-02-11,3.2957322735539907,166.17821723147114,166
2025-02-12,3.2957322735539907,152.9476930549015,166
2025-02-13,3.2957322735539907,142.32288109552985,134
2025-02-14,3.2957322735539907,144.54315176619534,121
2025-02-15,3.2957322735539907,153.7293610505157,146
2025-02-16,3.2957322735539907,170.51621534943177,182
2025-02-17,3.2957322735539907,176.43219716032263,161
2025-02-18,3.2957322735539907,174.19113283562373,191
2025-02-19,3.2957322735539907,159.287780003869,145
2025-02-20,3.2957322735539907,148.24063053516252,139
2025-02-21,3.2957322735539907,150.64534231561004,163
2025-02-22,3.2957322735539907,162.0214211541496,149
2025-02-23,3.2957322735539907,178.50191895679916,188
2025-02-24,3.2957322735539907,180.48108317737484,178
2025-02-25,3.2957322735539907,178.39608523520945,185
2025-02-26,3.2957322735539907,163.03774319377885,146
2025-02-27,3.2957322735539907,152.20299733425998,158
2025-02-28,3.2957322735539907,154.83579255493345,149
2025-03-01,3.2957322735539907,163.8854895508681,145
2025-03-02,3.2957322735539907,175.66426301876837,161
2025-03-03,3.2957322735539907,181.33517489777915,196
2025-03-04,3.2957322735539907,175.79533987025732,179
2025-03-05,3.2957322735539907,161.52704142329313,134
2025-03-06,3.2957322735539907,148.82834894742967,164
2025-03-07,3.2957322735539907,147.52511663850075,162
2025-03-08,3.2957322735539907,158.23519807724801,159
2025-03-09,3.2957322735539907,171.12235214529412,175
2025-03-10,3.2957322735539907,176.84588987064518,153
2025-03-11,3.2957322735539907,166.21969842844024,178
2025-03-12,3.2957322735539907,151.27971430384147,130
2025-03-13,3.2957322735539907,141.3675674882872,124
2025-03-14,3.2957322735539907,142.35659102659656,164
2025-03-15,3.2957322735539907,150.91158999186825,167
2025-03-16,3.2957322735539907,165.24570134199055,146
2025-03-17,3.2957322735539907,168.65497013969792,181
2025-03-18,3.2957322735539907,163.83658662614775,151
2025-03-19,3.2957322735539907,151.5825159924122,153
2025-03-20,3.2957322735539907,144.446362729061,157
2025-03-21,3.2957322735539907,146.4419049865964,143
2025-03-22,3.2957322735539907,156.26085375859918,159
2025-03-23,3.2957322735539907,169.5045723189854,167
2025-03-24,3.2957322735539907,170.5957469108224,162
2025-03-25,3.2957322735539907,162.1113046448262,146
2025-03-26,3.2957322735539907,151.8737119990807,158
2025-03-27,3.2957322735539907,141.2736327783395,132
2025-03-28,3.2957322735539907,137.5555167175901,152
2025-03-29,3.2957322735539907,149.14698447141606,153
2025-03-30,3.2957322735539907,161.32439047697596,187
2025-03-31,3.2957322735539907,172.42768458301717,181
2025-04-01,3.2957322735539907,168.5935645980098,172
2025-04-02,3.2957322735539907,154.2675198998819,155
2025-04-03,3.2957322735539907,140.5452830273357,116
2025-04-04,3.2957322735539907,139.78950587741704,146
2025-04-05,3.2957322735539907,150.76195043972967,152
2025-04-06,3.2957322735539907,164.46417504497313,174
2025-04-07,3.2957322735539907,166.30163077319193,167
2025-04-08,3.2957322735539907,164.0778601169057,147
2025-04-09,3.2957322735539907,152.51369752306846,143
2025-04-10,3.2957322735539907,141.04606683543022,139
2025-04-11,3.2957322735539907,141.32186728208498,119
2025-04-12,3.2957322735539907,149.3439825961099,146
2025-04-13,3.2957322735539907,163.0749586111142,156
2025-04-14,3.2957322735539907,167.02760360260945,164
2025-04-15,3.2957322735539907,164.31802716830992,137
2025-04-16,3.2957322735539907,152.51104797506687,145
2025-04-17,3.2957322735539907,145.0360200819586,135
2025-04-18,3.2957322735539907,146.8660597721117,142
2025-04-19,3.2957322735539907,159.39274033993382,187
2025-04-20,3.2957322735539907,172.39026928723194,186
2025-04-21,3.2957322735539907,180.2633411345462,164
2025-04-22,3.2957322735539907,177.74480154119024,167
2025-04-23,3.2957322735539907,166.54897856631595,143
2025-04-24,3.2957322735539907,150.8877716969702,124
2025-04-25,3.2957322735539907,149.01987209421833,141
2025-04-26,3.2957322735539907,163.89864655971314,161
2025-04-27,3.2957322735539907,181.70836776995998,183
2025-04-28,3.2957322735539907,186.56909835971607,197
2025-04-29,3.2957322735539907,181.813417162019,179
2025-04-30,3.2957322735539907,164.62950958449542,180
2025-05-01,3.2957322735539907,153.78942093963315,159
2025-05-02,3.2957322735539907,154.13307085061672,129
2025-05-03,3.2957322735539907,166.12278503278984,185
2025-05-04,3.2957322735539907,182.1624764714295,144
2025-05-05,3.2957322735539907,186.81050709916462,189
2025-05-06,3.2957322735539907,180.80224941201456,185
2025-05-07,3.2957322735539907,169.45548272357166,158
2025-05-08,3.2957322735539907,160.79420412786695,170
2025-05-09,3.2957322735539907,164.3261879207109,146
2025-05-10,3.2957322735539907,174.15103174644815,182
2025-05-11,3.2957322735539907,186.22031672671088,196
2025-05-12,3.2957322735539907,194.55372498296987,206
2025-05-13,3.2957322735539907,184.19677913437565,157
2025-05-14,3.2957322735539907,165.370058455544,179
2025-05-15,3.2957322735539907,159.73550901705994,143
2025-05-16,3.2957322735539907,161.0398179118561,149
2025-05-17,3.2957322735539907,173.15806209511246,177
2025-05-18,3.2957322735539907,187.84250526442375,185
2025-05-19,3.2957322735539907,191.93756625980294,202
2025-05-20,3.2957322735539907,186.76328902349877,194
2025-05-21,3.2957322735539907,174.67736912380008,173
2025-05-22,3.2957322735539907,162.86557223141565,169
2025-05-23,3.2957322735539907,160.1099724319814,160
2025-05-24,3.2957322735539907,168.09176343344998,181
2025-05-25,3.2957322735539907,184.02292765979402,178
2025-05-26,3.2957322735539907,187.9798709482139,175
2025-05-27,3.2957322735539907,182.87943375510355,146
2025-05-28,3.2957322735539907,166.592240327001,170
2025-05-29,3.2957322735539907,153.05552371014502,149
2025-05-30,3.2957322735539907,153.12272436054573,154
2025-05-31,3.2957322735539907,165.54801770201624,165
2025-06-01,3.2957322735539907,178.0538833202733,170
2025-06-02,3.2957322735539907,189.45725229807908,179
2025-06-03,3.2957322735539907,187.05807931865928,203
2025-06-04,3.2957322735539907,173.92689838184415,164
2025-06-05,3.2957322735539907,164.95524200082892,178
2025-06-06,3.2957322735539907,164.68974198787592,150
2025-06-07,3.2957322735539907,176.79901710882623,178
2025-06-08,3.2957322735539907,186.5287217553186,192
2025-06-09,3.2957322735539907,190.51977253991578,174
2025-06-10,3.2957322735539907,181.1313493015487,181
2025-06-11,3.2957322735539907,164.9661815637034,177
2025-06-12,3.2957322735539907,151.65143873045562,161
2025-06-13,3.2957322735539907,149.90390510771675,126
2025-06-14,3.2957322735539907,163.78095534613323,177
2025-06-15,3.2957322735539907,176.97258098025185,183
2025-06-16,3.2957322735539907,187.3295988821857,203
2025-06-17,3.2957322735539907,178.04169421029704,173
2025-06-18,3.2957322735539907,164.8298041478269,187
2025-06-19,3.2957322735539907,154.02454409290428,156
2025-06-20,3.2957322735539907,159.44038898974983,160
2025-06-21,3.2957322735539907,174.6036117226025,157
2025-06-22,3.2957322735539907,188.76571531327158,211
2025-06-23,3.2957322735539907,199.99999999999997,198
2025-06-24,3.2957322735539907,194.62652479365664,211
2025-06-25,3.2957322735539907,176.45025192930015,163
2025-06-26,3.2957322735539907,167.53611818344217,183
2025-06-27,3.2957322735539907,169.8517062290041,154
2025-06-28,3.2957322735539907,178.93296253718069,186
2025-06-29,3.2957322735539907,192.32189453663622,205
2025-06-30,3.2957322735539907,199.46523633368824,206
2025-07-01,3.2957322735539907,192.36511120027535,214
2025-07-02,3.2957322735539907,178.10455011455278,160
2025-07-03,3.2957322735539907,160.70393566007334,154
2025-07-04,3.2957322735539907,159.56914257970675,152
2025-07-05,3.2957322735539907,172.08456136332617,176
2025-07-06,3.2957322735539907,183.37171941824053,175
2025-07-07,3.2957322735539907,190.75574618690075,191
2025-07-08,3.2957322735539907,180.98070509753538,164
2025-07-09,3.2957322735539907,166.33611479480774,176
2025-07-10,3.2957322735539907,154.6751293046336,154
2025-07-11,3.2957322735539907,153.31969311418047,161
2025-07-12,3.2957322735539907,164.09518436547583,156
2025-07-13,3.2957322735539907,179.17109440254487,197
2025-07-14,3.2957322735539907,183.43293570551157,200
2025-07-15,3.2957322735539907,179.1386867064919,182
2025-07-16,3.2957322735539907,167.8162627726031,175
2025-07-17,3.2957322735539907,150.89737957561513,131
2025-07-18,3.2957322735539907,148.44332489359465,172
2025-07-19,3.2957322735539907,159.06902578331992,170
2025-07-20,3.2957322735539907,170.6659881183277,156
2025-07-21,3.2957322735539907,176.03518878767315,162
2025-07-22,3.2957322735539907,168.00010145770557,153
2025-07-23,3.2957322735539907,156.35913353415475,157
2025-07-24,3.2957322735539907,150.45727059090302,153
2025-07-25,3.2957322735539907,153.5499333239448,137
2025-07-26,3.2957322735539907,160.00438749754025,156
2025-07-27,3.2957322735539907,171.96059241736523,159
2025-07-28,3.2957322735539907,177.320291460146,170
2025-07-29,3.2957322735539907,169.13859254674287,161
2025-07-30,3.2957322735539907,159.93219962240664,135
2025-07-31,3.2957322735539907,149.64877292481088,141
2025-08-01,3.2957322735539907,151.55084092060045,154
2025-08-02,3.2957322735539907,162.07177987601528,144
2025-08-03,3.2957322735539907,174.28800339135822,159
2025-08-04,3.2957322735539907,180.02071978203963,168
2025-08-05,3.2957322735539907,178.50111513050553,180
2025-08-06,3.2957322735539907,168.51556322408294,173
2025-08-07,3.2957322735539907,157.5107489005265,158
2025-08-08,3.2957322735539907,159.40365306579514,158
2025-08-09,3.2957322735539907,169.85112448601205,180
2025-08-10,3.2957322735539907,186.58294921578207,187
2025-08-11,3.2957322735539907,196.56977068665174,203
2025-08-12,3.2957322735539907,185.80831294790352,185
2025-08-13,3.2957322735539907,171.35880010457132,191
2025-08-14,3.2957322735539907,156.5182526111347,176
2025-08-15,3.2957322735539907,153.0188139040722,157
2025-08-16,3.2957322735539907,163.09210234584776,170
2025-08-17,3.2957322735539907,174.53836001562257,195
2025-08-18,3.2957322735539907,179.12403428256204,206
2025-08-19,3.2957322735539907,170.16191000794265,181
2025-08-20,3.2957322735539907,161.56708493494497,170
2025-08-21,3.2957322735539907,153.9578918578194,145
2025-08-22,3.2957322735539907,148.2418991977566,140
2025-08-23,3.2957322735539907,158.76893415943977,149
2025-08-24,3.2957322735539907,173.89359822025833,170
2025-08-25,3.2957322735539907,176.78557310457447,179
2025-08-26,3.2957322735539907,174.58733673485318,151
2025-08-27,3.2957322735539907,163.414201473452,154
2025-08-28,3.2957322735539907,152.6886855610999,148
2025-08-29,3.2957322735539907,151.0165514509245,151
2025-08-30,3.2957322735539907,158.99708056721022,170
2025-08-31,3.2957322735539907,168.30681717932302,171
2025-09-01,3.2957322735539907,175.57254925280492,161
2025-09-02,3.2957322735539907,163.69837871016952,160
2025-09-03,3.2957322735539907,153.65021758494447,157
2025-09-04,3.2957322735539907,140.94656291503208,134
2025-09-05,3.2957322735539907,140.74039526812055,119
2025-09-06,3.2957322735539907,150.44044611045578,127
2025-09-07,3.2957322735539907,157.61659354004786,138
2025-09-08,3.2957322735539907,162.5892625035426,154
2025-09-09,3.2957322735539907,158.3342570677325,155
2025-09-10,3.2957322735539907,145.18297015863587,142
2025-09-11,3.2957322735539907,128.84407577668782,112
2025-09-12,3.2957322735539907,128.51170890328456,105
2025-09-13,3.2957322735539907,138.15045486734104,124
2025-09-14,3.2957322735539907,151.74980607148132,137
2025-09-15,3.2957322735539907,155.64134126575937,139
2025-09-16,3.2957322735539907,144.8169560481936,147
2025-09-17,3.2957322735539907,129.12539537891928,105
2025-09-18,3.2957322735539907,119.55646350962748,122
2025-09-19,3.2957322735539907,119.23816600449761,103
2025-09-20,3.2957322735539907,124.9438060946959,147
2025-09-21,3.2957322735539907,136.2947050433524,140
2025-09-22,3.2957322735539907,139.29762775472622,173
2025-09-23,3.2957322735539907,136.8247960885707,135
2025-09-24,3.2957322735539907,128.34565452559045,133
2025-09-25,3.2957322735539907,120.31307139803185,104
2025-09-26,3.2957322735539907,119.29900980697778,134
2025-09-27,3.2957322735539907,130.7567840806051,125
2025-09-28,3.2957322735539907,142.7822529542416,157
2025-09-29,3.2957322735539907,146.75695552493227,162
2025-09-30,3.2957322735539907,143.70555098481807,133
2025-10-01,3.2957322735539907,132.77088801351613,125
2025-10-02,3.2957322735539907,121.21914078211194,118
2025-10-03,3.2957322735539907,119.59507932328303,120
2025-10-04,3.2957322735539907,129.45716986276673,155
2025-10-05,3.2957322735539907,141.17058298857032,123
2025-10-06,3.2957322735539907,149.52102894932608,146
2025-10-07,3.2957322735539907,143.40013847796595,151
2025-10-08,3.2957322735539907,130.83118344161028,114
2025-10-09,3.2957322735539907,120.36003704178945,114
2025-10-10,3.2957322735539907,117.88388805995056,123
2025-10-11,3.2957322735539907,127.61408146836746,131
2025-10-12,3.2957322735539907,137.38721490784692,157
2025-10-13,3.2957322735539907,138.0598721118536,146
2025-10-14,3.2957322735539907,132.3968779151041,135
2025-10-15,3.2957322735539907,123.26888205605225,115
2025-10-16,3.2957322735539907,112.02732985393543,111
2025-10-17,3.2957322735539907,108.78285579480139,120
2025-10-18,3.2957322735539907,114.92665942727284,124
2025-10-19,3.2957322735539907,121.05914368465186,123
2025-10-20,3.2957322735539907,121.70433444025716,108
2025-10-21,3.2957322735539907,118.13933308068425,108
2025-10-22,3.2957322735539907,106.62027349981604,118
2025-10-23,3.2957322735539907,96.54830413524854,98
2025-10-24,3.2957322735539907,94.89040672215523,95
2025-10-25,3.2957322735539907,102.6147657591167,114
2025-10-26,3.2957322735539907,108.98790703516714,123
2025-10-27,3.2957322735539907,110.08338253451936,108
2025-10-28,3.2957322735539907,105.67986113596545,102
2025-10-29,3.2957322735539907,96.41429239727793,90
2025-10-30,3.2957322735539907,89.07940039465996,96
2025-10-31,3.2957322735539907,88.47731630493178,85
2025-11-01,3.2957322735539907,96.14837708637161,96
2025-11-02,3.2957322735539907,106.16500393638903,119
2025-11-03,3.2957322735539907,108.0684453314263,106
2025-11-04,3.2957322735539907,102.99644616478984,140
2025-11-05,3.2957322735539907,93.98004463987438,101
2025-11-06,3.2957322735539907,85.61117093227706,79
2025-11-07,3.2957322735539907,86.04483567826959,84
2025-11-08,3.2957322735539907,90.08557923099491,88
2025-11-09,3.2957322735539907,99.84374499957379,80
2025-11-10,3.2957322735539907,102.45335561646917,110
2025-11-11,3.2957322735539907,97.53421468953512,119
2025-11-12,3.2957322735539907,88.63076949069307,85
2025-11-13,3.2957322735539907,83.25834757940972,87
2025-11-14,3.2957322735539907,82.192663532386,77
2025-11-15,3.2957322735539907,87.89980496305115,97
2025-11-16,3.2957322735539907,93.52378318340982,80
2025-11-17,3.2957322735539907,95.31569356073712,82
2025-11-18,3.2957322735539907,92.78312032137701,91
2025-11-19,3.2957322735539907,86.42465069850094,89
2025-11-20,3.2957322735539907,79.74322968424569,94
2025-11-21,3.2957322735539907,80.26604214982504,72
2025-11-22,3.2957322735539907,86.34318016474532,94
2025-11-23,3.2957322735539907,92.28807925444778,91
2025-11-24,3.2957322735539907,95.38150694120998,93
2025-11-25,3.2957322735539907,92.16961010365381,93
2025-11-26,3.2957322735539907,82.38961218171032,76
2025-11-27,3.2957322735539907,77.78504519757624,56
2025-11-28,3.2957322735539907,77.71512819254086,71
2025-11-29,3.2957322735539907,83.32243980332501,83
2025-11-30,3.2957322735539907,91.03075992940917,87
2025-12-01,3.2957322735539907,93.88226628455341,102
2025-12-02,3.2957322735539907,90.28380513717975,90
2025-12-03,3.2957322735539907,82.46698486257056,87
2025-12-04,3.2957322735539907,77.04441647324273,80
2025-12-05,3.2957322735539907,77.5560911267329,71
2025-12-06,3.2957322735539907,82.68459889376085,90
2025-12-07,3.2957322735539907,90.17199348864293,92
2025-12-08,3.2957322735539907,92.25341716405981,100
2025-12-09,3.2957322735539907,89.09529253439473,95
2025-12-10,3.2957322735539907,80.98549305618175,81
2025-12-11,3.2957322735539907,73.76440438390264,86
2025-12-12,3.2957322735539907,74.83509121601145,65
2025-12-13,3.2957322735539907,80.09976377438011,78
2025-12-14,3.2957322735539907,87.34587415144733,84
2025-12-15,3.2957322735539907,91.08054575937126,78
2025-12-16,3.2957322735539907,85.58172466240792,71
2025-12-17,3.2957322735539907,78.87187109165274,79
2025-12-18,3.2957322735539907,72.77447449216004,65
2025-12-19,3.2957322735539907,72.72961951825005,70
2025-12-20,3.2957322735539907,78.89894058042063,79
2025-12-21,3.2957322735539907,87.2563014169083,83
2025-12-22,3.2957322735539907,90.57279193132148,96
2025-12-23,3.2957322735539907,88.83592697312461,77
2025-12-24,3.2957322735539907,80.47904238796056,79
2025-12-25,3.2957322735539907,76.66907186992864,66
2025-12-26,3.2957322735539907,73.59073920445796,69
2025-12-27,3.2957322735539907,80.04191419068046,104
2025-12-28,3.2957322735539907,86.32379361463732,98
2025-12-29,3.2957322735539907,92.23294664316644,105
2025-12-30,3.2957322735539907,88.20447394833877,82
2025-12-31,3.2957322735539907,80.75786076037296,79
2026-01-01,3.2957322735539907,74.30416791498051,75
2026-01-02,3.2957322735539907,75.7292921886578,73
2026-01-03,3.2957322735539907,81.63576879093958,92
2026-01-04,3.2957322735539907,89.13201824739467,82
2026-01-05,3.2957322735539907,91.6354764764561,102
2026-01-06,3.2957322735539907,86.93559129781345,83
2026-01-07,3.2957322735539907,79.53382673900146,70
2026-01-08,3.2957322735539907,72.54907558646951,66
2026-01-09,3.2957322735539907,73.56223413712439,76
2026-01-10,3.2957322735539907,79.66206731740472,73
2026-01-11,3.2957322735539907,86.38366484360968,97
2026-01-12,3.2957322735539907,88.58997912597853,92
2026-01-13,3.2957322735539907,86.92078411676871,75
2026-01-14,3.2957322735539907,80.82963238970714,70
2026-01-15,3.2957322735539907,78.16741648849529,85
2026-01-16,3.2957322735539907,78.25536285566707,94
2026-01-17,3.2957322735539907,83.28000136092363,73
2026-01-18,3.2957322735539907,90.08051405507848,103
2026-01-19,3.2957322735539907,92.13537461264778,86
2026-01-20,3.2957322735539907,89.4660540849357,84
2026-01-21,3.2957322735539907,84.5084707928851,92
2026-01-22,3.2957322735539907,78.38601713088889,73
2026-01-23,3.2957322735539907,77.39666303643197,65
2026-01-24,3.2957322735539907,83.79810318760356,86
2026-01-25,3.2957322735539907,90.54992567654345,86
2026-01-26,3.2957322735539907,93.40392907544283,103
2026-01-27,3.2957322735539907,91.20344735946787,88
2026-01-28,3.2957322735539907,83.1982702405763,70
2026-01-29,3.2957322735539907,76.76275668491961,73
2026-01-30,3.2957322735539907,75.92975991392271,73
2026-01-31,3.2957322735539907,80.60595691336994,83
2026-02-01,3.2957322735539907,87.98027608314868,92
2026-02-02,3.2957322735539907,91.43160046495288,105
2026-02-03,3.2957322735539907,89.19120467328929,93
2026-02-04,3.2957322735539907,83.52044492029204,103
2026-02-05,3.2957322735539907,79.64439551374738,94
2026-02-06,3.2957322735539907,79.61737385052436,69
2026-02-07,3.2957322735539907,84.89676016494901,94
2026-02-08,3.2957322735539907,94.04827899374693,94
2026-02-09,3.2957322735539907,95.52846780281752,87
2026-02-10,3.2957322735539907,96.27076869215678,98
2026-02-11,3.2957322735539907,90.11910510090213,91
2026-02-12,3.2957322735539907,83.18252864883988,92
2026-02-13,3.2957322735539907,84.6206359816421,91
2026-02-14,3.2957322735539907,91.43188177715982,98
2026-02-15,3.2957322735539907,100.04396326631233,85
2026-02-16,3.2957322735539907,105.84851180585581,114
2026-02-17,3.2957322735539907,104.80102109363622,103
2026-02-18,3.2957322735539907,97.52105250634165,103
2026-02-19,3.2957322735539907,90.90185840828391,81
2026-02-20,3.2957322735539907,91.49120744499886,73
2026-02-21,3.2957322735539907,101.28412741014603,98
2026-02-22,3.2957322735539907,113.36142508729299,116
2026-02-23,3.2957322735539907,117.44437270610958,125
2026-02-24,3.2957322735539907,114.74557743062827,100
2026-02-25,3.2957322735539907,104.41809665677884,105
2026-02-26,3.2957322735539907,99.04123159406043,119
2026-02-27,3.2957322735539907,98.79951583654352,100
2026-02-28,3.2957322735539907,108.65939112100503,103
2026-03-01,3.2957322735539907,121.76869506541725,120
2026-03-02,3.2957322735539907,125.23121379094697,111
2026-03-03,3.2957322735539907,122.09397559605873,108
2026-03-04,3.2957322735539907,113.75137150802864,102
2026-03-05,3.2957322735539907,101.75374401336622,118
2026-03-06,3.2957322735539907,100.55344249463356,96
2026-03-07,3.2957322735539907,109.7665200410594,103
2026-03-08,3.2957322735539907,118.85636889036053,111
2026-03-09,3.2957322735539907,121.5606037949165,115
2026-03-10,3.2957322735539907,118.86564922760533,123
2026-03-11,3.2957322735539907,109.46411894493892,100
2026-03-12,3.2957322735539907,102.535311049601,85
2026-03-13,3.2957322735539907,106.40344177619994,98
2026-03-14,3.2957322735539907,114.48965173269012,129
2026-03-15,3.2957322735539907,125.81139426736897,126
2026-03-16,3.2957322735539907,130.63575733964336,105
2026-03-17,3.2957322735539907,125.25289251489636,123
2026-03-18,3.2957322735539907,115.95921328257171,98
2026-03-19,3.2957322735539907,106.91552098863062,105
2026-03-20,3.2957322735539907,111.77367549852758,109
2026-03-21,3.2957322735539907,121.95257443048929,111
2026-03-22,3.2957322735539907,134.78143853580374,132
2026-03-23,3.2957322735539907,139.83205336926375,147
2026-03-24,3.2957322735539907,136.92961723610532,140
2026-03-25,3.2957322735539907,124.50678192213263,111
2026-03-26,3.2957322735539907,116.96721300554174,118
2026-03-27,3.2957322735539907,119.99661297135654,126
2026-03-28,3.2957322735539907,126.6143032395753,117
2026-03-29,3.2957322735539907,139.31414871832544,130
2026-03-30,3.2957322735539907,146.0271303971171,139
2026-03-31,3.2957322735539907,141.4107898718935,141
2026-04-01,3.2957322735539907,132.28046534833533,123
2026-04-02,3.2957322735539907,124.59919597773924,134
2026-04-03,3.2957322735539907,123.36898098957384,125
2026-04-04,3.2957322735539907,130.96141306998504,132
2026-04-05,3.2957322735539907,146.84333127779792,124
2026-04-06,3.2957322735539907,155.38567072923817,153
2026-04-07,3.2957322735539907,151.28005891517546,166
2026-04-08,3.2957322735539907,140.30096855537192,126
2026-04-09,3.2957322735539907,132.371596012053,129
2026-04-10,3.2957322735539907,130.47129348529344,133
2026-04-11,3.2957322735539907,138.72042561185714,134
2026-04-12,3.2957322735539907,150.07204298574828,154
2026-04-13,3.2957322735539907,156.8604206052465,151
2026-04-14,3.2957322735539907,148.9424017540545,138
2026-04-15,3.2957322735539907,138.52131476996973,138
2026-04-16,3.2957322735539907,132.4392965304696,140
2026-04-17,3.2957322735539907,136.24739557939984,135
2026-04-18,3.2957322735539907,145.66495105196498,129
2026-04-19,3.2957322735539907,154.6858365474153,178
2026-04-20,3.2957322735539907,161.37907825133252,158
2026-04-21,3.2957322735539907,158.4339910922471,143
2026-04-22,3.2957322735539907,146.6632519681357,132
2026-04-23,3.2957322735539907,134.48694308539552,133
2026-04-24,3.2957322735539907,131.8212550357413,124
2026-04-25,3.2957322735539907,145.32594468319868,144
2026-04-26,3.2957322735539907,159.27748190124618,155
2026-04-27,3.2957322735539907,172.08626959937538,183
2026-04-28,3.2957322735539907,167.13051950848515,174
2026-04-29,3.2957322735539907,156.59773367414783,166
2026-04-30,3.2957322735539907,143.57968037505543,147
2026-05-01,3.2957322735539907,143.78720716592952,141
2026-05-02,3.2957322735539907,152.59764155193577,139
2026-05-03,3.2957322735539907,164.76201309633262,172
2026-05-04,3.2957322735539907,167.32778119611595,177
2026-05-05,3.2957322735539907,167.2566610512554,146
2026-05-06,3.2957322735539907,154.4088690985084,120
2026-05-07,3.2957322735539907,141.72126254139772,155
2026-05-08,3.2957322735539907,141.48494091175465,136
2026-05-09,3.2957322735539907,151.39900341298096,141
2026-05-10,3.2957322735539907,160.82115837892454,168
2026-05-11,3.2957322735539907,168.1800208077473,168
2026-05-12,3.2957322735539907,163.2167969959907,167
2026-05-13,3.2957322735539907,149.8026770781899,146
2026-05-14,3.2957322735539907,141.42199454808514,148
2026-05-15,3.2957322735539907,142.51744929466312,140
2026-05-16,3.2957322735539907,155.36088702591613,155
2026-05-17,3.2957322735539907,170.9180251470566,169
2026-05-18,3.2957322735539907,178.83012487720202,166
2026-05-19,3.2957322735539907,177.99832752168768,182
2026-05-20,3.2957322735539907,157.35867447527417,148
2026-05-21,3.2957322735539907,149.1541590455853,137
2026-05-22,3.2957322735539907,150.80800315628935,155
2026-05-23,3.2957322735539907,161.7480952323052,159
2026-05-24,3.2957322735539907,171.6571918511199,201
2026-05-25,3.2957322735539907,178.89810449376694,181
2026-05-26,3.2957322735539907,172.611148006064,192
2026-05-27,3.2957322735539907,158.47347790602137,170
2026-05-28,3.2957322735539907,148.2966215038607,145
2026-05-29,3.2957322735539907,149.29193925730996,141
2026-05-30,3.2957322735539907,162.49117344101847,157
2026-05-31,3.2957322735539907,172.2588239167134,186
2026-06-01,3.2957322735539907,176.64802525976148,170
2026-06-02,3.2957322735539907,173.6478135617358,199
2026-06-03,3.2957322735539907,162.108608543286,178
2026-06-04,3.2957322735539907,150.03881877780688,136
2026-06-05,3.2957322735539907,148.32979776591847,156
2026-06-06,3.2957322735539907,163.3310141593894,150
2026-06-07,3.2957322735539907,177.06817354989263,154
2026-06-08,3.2957322735539907,183.89676867562733,186
2026-06-09,3.2957322735539907,173.65690305245616,178
2026-06-10,3.2957322735539907,163.4226263043077,163
2026-06-11,3.2957322735539907,155.11748876461272,177
2026-06-12,3.2957322735539907,154.21337850804713,153
2026-06-13,3.2957322735539907,166.28700976528944,168
2026-06-14,3.2957322735539907,179.03284705145967,186
2026-06-15,3.2957322735539907,182.57502137773437,164
2026-06-16,3.2957322735539907,173.1960939152926,180
2026-06-17,3.2957322735539907,161.10135198956712,159
2026-06-18,3.2957322735539907,152.76973738743948,130
2026-06-19,3.2957322735539907,152.63093281262357,143
2026-06-20,3.2957322735539907,161.59576521797527,164
2026-06-21,3.2957322735539907,177.76626573597602,171
2026-06-22,3.2957322735539907,185.38232695785405,196
2026-06-23,3.2957322735539907,182.43406272571514,212
2026-06-24,3.2957322735539907,168.20348398819687,187
2026-06-25,3.2957322735539907,157.75519962676466,157
2026-06-26,3.2957322735539907,159.72033575643871,163
2026-06-27,3.2957322735539907,173.0184391792321,164
2026-06-28,3.2957322735539907,190.43505865552393,189
2026-06-29,3.2957322735539907,197.61411911365622,198
2026-06-30,3.2957322735539907,194.86483811027796,213
2026-07-01,3.2957322735539907,176.99284970953053,166
